ForeFlight Logbook Import,This row is required for importing into ForeFlight. Do not delete or modify.,,,,,,,,,,,,,,,,,,,,,,,,,,,,,,,,,,,,,,,,,,,,,,,,,,,,,,,,,,,,,,,,,,,,,,
,,,,,,,,,,,,,,,,,,,,,,,,,,,,,,,,,,,,,,,,,,,,,,,,,,,,,,,,,,,,,,,,,,,,,,,
Aircraft Table,,,,,,,,,,,,,,,,,,,,,,,,,,,,,,,,,,,,,,,,,,,,,,,,,,,,,,,,,,,,,,,,,,,,,,,
AircraftID,TypeCode,Year,Make,Model,GearType,EngineType,equipType (FAA),aircraftClass (FAA),complexAircraft (FAA),taa (FAA),highPerformance (FAA),pressurized (FAA),,,,,,,,,,,,,,,,,,,,,,,,,,,,,,,,,,,,,,,,,,,,,,,,,,,,,,,,,,,
N7049B,C150M,,cessna,150M,fixed_tricycle,Piston,aircraft,airplane_single_engine_land,,,,,,,,,,,,,,,,,,,,,,,,,,,,,,,,,,,,,,,,,,,,,,,,,,,,,,,,,,,,,,,
N6086G,C172,,CESSNA,C172,fixed_tricycle,Piston,aircraft,airplane_single_engine_land,,,,,,,,,,,,,,,,,,,,,,,,,,,,,,,,,,,,,,,,,,,,,,,,,,,,,,,,,,,,,,,
N94006,C150,,CESSNA,C152,fixed_tricycle,Piston,aircraft,airplane_single_engine_land,,,,,,,,,,,,,,,,,,,,,,,,,,,,,,,,,,,,,,,,,,,,,,,,,,,,,,,,,,,,,,,
N92789,C172,,CESSNA,C172,fixed_tricycle,Piston,aircraft,airplane_single_engine_land,,,,,,,,,,,,,,,,,,,,,,,,,,,,,,,,,,,,,,,,,,,,,,,,,,,,,,,,,,,,,,,
N6860J,PA28,,PIPER,PA28,fixed_tricycle,Piston,aircraft,airplane_single_engine_land,,,,,,,,,,,,,,,,,,,,,,,,,,,,,,,,,,,,,,,,,,,,,,,,,,,,,,,,,,,,,,,
N862TW,C172,,CESSNA,C172,fixed_tricycle,Piston,aircraft,airplane_single_engine_land,,,,,,,,,,,,,,,,,,,,,,,,,,,,,,,,,,,,,,,,,,,,,,,,,,,,,,,,,,,,,,,
N86674,7GCAA,,AERONCA,CHAMP,fixed_tailwheel,Piston,aircraft,airplane_single_engine_land,,,,,,,,,,,,,,,,,,,,,,,,,,,,,,,,,,,,,,,,,,,,,,,,,,,,,,,,,,,,,,,
N8108U,C150,,CESSNA,C150,fixed_tricycle,Piston,aircraft,airplane_single_engine_land,,,,,,,,,,,,,,,,,,,,,,,,,,,,,,,,,,,,,,,,,,,,,,,,,,,,,,,,,,,,,,,
N1125X,PA28200R,,PIPER,PA28200R,retractable_tricycle,Piston,aircraft,airplane_single_engine_land,TRUE,,,,,,,,,,,,,,,,,,,,,,,,,,,,,,,,,,,,,,,,,,,,,,,,,,,,,,,,,,,,,,
N148T,PA18,,PIPER,PA18,fixed_tailwheel,Piston,aircraft,airplane_single_engine_land,,,,,,,,,,,,,,,,,,,,,,,,,,,,,,,,,,,,,,,,,,,,,,,,,,,,,,,,,,,,,,,
N16152,C150L,,CESSNA,150L,fixed_tricycle,Piston,aircraft,airplane_single_engine_land,,,,,,,,,,,,,,,,,,,,,,,,,,,,,,,,,,,,,,,,,,,,,,,,,,,,,,,,,,,,,,,
N20041,C172,,CESSNA,C172,fixed_tricycle,Piston,aircraft,airplane_single_engine_land,,,,,,,,,,,,,,,,,,,,,,,,,,,,,,,,,,,,,,,,,,,,,,,,,,,,,,,,,,,,,,,
N2828C,7GCBC,,CITABRIA,CITABRIA,fixed_tailwheel,Piston,aircraft,airplane_single_engine_land,,,,,,,,,,,,,,,,,,,,,,,,,,,,,,,,,,,,,,,,,,,,,,,,,,,,,,,,,,,,,,,
N3366Z,PA28,,PIPER,PA28,fixed_tricycle,Piston,aircraft,airplane_single_engine_land,,,,,,,,,,,,,,,,,,,,,,,,,,,,,,,,,,,,,,,,,,,,,,,,,,,,,,,,,,,,,,,
N45083,C150M,,CESSNA,150M,fixed_tricycle,Piston,aircraft,airplane_single_engine_land,,,,,,,,,,,,,,,,,,,,,,,,,,,,,,,,,,,,,,,,,,,,,,,,,,,,,,,,,,,,,,,
N4954F,PA28,,PIPER,PA28,fixed_tricycle,Piston,aircraft,airplane_single_engine_land,,,,,,,,,,,,,,,,,,,,,,,,,,,,,,,,,,,,,,,,,,,,,,,,,,,,,,,,,,,,,,,
N4964J,PA28200R,,PIPER,ARROW,retractable_tricycle,Piston,aircraft,airplane_single_engine_land,TRUE,,,,,,,,,,,,,,,,,,,,,,,,,,,,,,,,,,,,,,,,,,,,,,,,,,,,,,,,,,,,,,
N8175R,BE55,,BEECHCRAFT,BE55,retractable_tricycle,Piston,aircraft,airplane_multi_engine_land,TRUE,,TRUE,,,,,,,,,,,,,,,,,,,,,,,,,,,,,,,,,,,,,,,,,,,,,,,,,,,,,,,,,,,,
N861TW,C150,,CESSNA,C150,fixed_tricycle,Piston,aircraft,airplane_single_engine_land,,,,,,,,,,,,,,,,,,,,,,,,,,,,,,,,,,,,,,,,,,,,,,,,,,,,,,,,,,,,,,,
N888MS,CZAW,,CZAW,SPORT CRUISER,fixed_tricycle,Piston,aircraft,airplane_single_engine_land,,TRUE,,,,,,,,,,,,,,,,,,,,,,,,,,,,,,,,,,,,,,,,,,,,,,,,,,,,,,,,,,,,,
N7848N,PA28180,,piper,pa28180,fixed_tricycle,Piston,aircraft,airplane_single_engine_land,,,,,,,,,,,,,,,,,,,,,,,,,,,,,,,,,,,,,,,,,,,,,,,,,,,,,,,,,,,,,,,
N66044,C150,,CESSNA,C150,fixed_tricycle,Piston,aircraft,airplane_single_engine_land,,,,,,,,,,,,,,,,,,,,,,,,,,,,,,,,,,,,,,,,,,,,,,,,,,,,,,,,,,,,,,,
N9550U,AA-1C,,GRUMMAN,AA1C,fixed_tricycle,Piston,aircraft,airplane_single_engine_land,,,,,,,,,,,,,,,,,,,,,,,,,,,,,,,,,,,,,,,,,,,,,,,,,,,,,,,,,,,,,,,
N92789,C172,,CESSNA,C172,fixed_tricycle,Piston,aircraft,airplane_single_engine_land,,,,,,,,,,,,,,,,,,,,,,,,,,,,,,,,,,,,,,,,,,,,,,,,,,,,,,,,,,,,,,,
N1297D,C170,,CESSNA,C170,fixed_tailwheel,Piston,aircraft,airplane_single_engine_land,,,,,,,,,,,,,,,,,,,,,,,,,,,,,,,,,,,,,,,,,,,,,,,,,,,,,,,,,,,,,,,
N3335R,PA28180,,piper,pa28,fixed_tricycle,Piston,aircraft,airplane_single_engine_land,,,,,,,,,,,,,,,,,,,,,,,,,,,,,,,,,,,,,,,,,,,,,,,,,,,,,,,,,,,,,,,
N489LP,ALPHA TRAINER PIAT,,PIPISTREL,PIAT,fixed_tricycle,Piston,aircraft,airplane_single_engine_land,,TRUE,,,,,,,,,,,,,,,,,,,,,,,,,,,,,,,,,,,,,,,,,,,,,,,,,,,,,,,,,,,,,
N80213,C172,,Cessna,C172,fixed_tricycle,Piston,aircraft,airplane_single_engine_land,,,,,,,,,,,,,,,,,,,,,,,,,,,,,,,,,,,,,,,,,,,,,,,,,,,,,,,,,,,,,,,
N512LP,ALPHA TRAINER PIAT,,PIPISTREL,PIAT,fixed_tricycle,Piston,aircraft,airplane_single_engine_land,,TRUE,,,,,,,,,,,,,,,,,,,,,,,,,,,,,,,,,,,,,,,,,,,,,,,,,,,,,,,,,,,,,
N291LA,P28A,,AICSA,PA-28-181 Cherokee Archer II,fixed_tricycle,Piston,aircraft,airplane_single_engine_land,,TRUE,,,,,,,,,,,,,,,,,,,,,,,,,,,,,,,,,,,,,,,,,,,,,,,,,,,,,,,,,,,,,
N625FL,PA28140,,PIPER,PA28140,fixed_tricycle,Piston,aircraft,airplane_single_engine_land,,,,,,,,,,,,,,,,,,,,,,,,,,,,,,,,,,,,,,,,,,,,,,,,,,,,,,,,,,,,,,,
N224VL,VL3 ,,JMB Aircraft,VL3 916 Evolution,retractable_tricycle,Piston,aircraft,airplane_single_engine_land,TRUE,TRUE,,,,,,,,,,,,,,,,,,,,,,,,,,,,,,,,,,,,,,,,,,,,,,,,,,,,,,,,,,,,,
N63796,PA27,1975,Piper Aircraft,PA-23-250 Aztec F,retractable_tricycle,Piston,aircraft,airplane_multi_engine_land,TRUE,TRUE,TRUE,,,,,,,,,,,,,,,,,,,,,,,,,,,,,,,,,,,,,,,,,,,,,,,,,,,,,,,,,,,,
N63796,PA27,1975,Piper Aircraft,PA-23-250 Aztec F,fixed_tricycle,Piston,aircraft,airplane_multi_engine_land,TRUE,TRUE,TRUE,,,,,,,,,,,,,,,,,,,,,,,,,,,,,,,,,,,,,,,,,,,,,,,,,,,,,,,,,,,,
,,,,,,,,,,,,,,,,,,,,,,,,,,,,,,,,,,,,,,,,,,,,,,,,,,,,,,,,,,,,,,,,,,,,,,,
N32SX,PA32-301FT,,PIPER,SARATOGA,fixed_tricycle,Piston,aircraft,airplane_single_engine_land,,TRUE,TRUE,,,,,,,,,,,,,,,,,,,,,,,,,,,,,,,,,,,,,,,,,,,,,,,,,,,,,,,,,,,,
N25GX,GX,,Remos,GX,fixed_tricycle,Piston,aircraft,airplane_single_engine_land,,TRUE,,,,,,,,,,,,,,,,,,,,,,,,,,,,,,,,,,,,,,,,,,,,,,,,,,,,,,,,,,,,,
N523LP,PIAT,2023,Pipistrel,Alpha Trainer,fixed_tricycle,Piston,aircraft,airplane_single_engine_land,,TRUE,,,,,,,,,,,,,,,,,,,,,,,,,,,,,,,,,,,,,,,,,,,,,,,,,,,,,,,,,,,,,
N2245W,P28A,,AICSA,PA-28-181 Cherokee Archer II,fixed_tricycle,Piston,aircraft,airplane_single_engine_land,,,,,,,,,,,,,,,,,,,,,,,,,,,,,,,,,,,,,,,,,,,,,,,,,,,,,,,,,,,,,,,
,,,,,,,,,,,,,,,,,,,,,,,,,,,,,,,,,,,,,,,,,,,,,,,,,,,,,,,,,,,,,,,,,,,,,,,
Flights Table , , , , , , , , , , , , , , , , , , , , , , , , , , , , , , , , , , , , , , , , , , , , , , , , , , , , , , , , , , , , , , , , , ,Deprecated: Do not edit manually,Deprecated: Do not edit manually,Deprecated: Do not edit manually,Deprecated: Do not edit manually,Deprecated: Do not edit manually,
Date,AircraftID,From,To,Route,TimeOut,TimeOff,TimeOn,TimeIn,OnDuty,OffDuty,TotalTime,PIC,SIC,Night,Solo,CrossCountry,PICUS,MultiPilot,IFR,Examiner,NVG,NVG Ops,Distance,ActualInstrument,SimulatedInstrument,HobbsStart,HobbsEnd,TachStart,TachEnd,Holds,Approach1,Approach2,Approach3,Approach4,Approach5,Approach6,DualGiven,DualReceived,SimulatedFlight,GroundTraining,GroundTrainingGiven,InstructorName,InstructorComments,Person1,Person2,Person3,Person4,Person5,Person6,PilotComments,Flight Review (FAA),IPC (FAA),Checkride (FAA),FAA 61.58 (FAA),NVG Proficiency (FAA),Takeoff Day,Takeoff Night,Takeoff Day Towered,Takeoff Night Towered,Landing Full-Stop Day,Landing Touch-and-Go Day,Landing Full-Stop Night,Landing Full-Stop Day Towered,Landing Touch-and-Go Day Towered,Landing Full-Stop Night Towered,DayTakeoffs,DayLandingsFullStop,NightTakeoffs,NightLandingsFullStop,AllLandings,[Numeric]Leg Distance
2026-08-19,N2245W,KPNE,KPNE,PANZE 26N,18:31,18:59,20:46,21:01,,,2.5,2.5,0.0,0.0,0.0,2.5,0.0,0.0,0.0,0.0,0.0,0,0.00,0.0,0.0,0.00,0.00,0.00,0.00,0,,,,,,,2.5,0.0,0.0,0.0,0.0,,,,,,,,,"""Practice GPS06 circling06 at n26n, Bradley Schmidt, PA28 proficiency training """,,,,,,2,,1,,2,,,1,,,3,3,0,0,3,0.000000
2026-08-18,N2245W,KPNE,KPNE,KVAY N14,18:49,19:06,20:31,20:46,,,1.6,1.6,0.0,0.0,0.0,1.6,0.0,0.0,0.0,0.0,0.0,0,26.00,0.0,0.0,0.00,0.00,0.00,0.00,0,,,,,,,1.6,0.0,0.0,0.0,0.0,,,,,,,,,"""Practice GPS 26 KVAY""",,,,,,14,,1,,2,12,,1,,,15,3,0,0,15,0.000000
2026-08-15,N2245W,KPNE,KPNE,,14:22,14:36,15:05,15:20,,,1.0,1.0,0.0,0.0,0.0,0.0,0.0,0.0,0.0,0.0,0.0,0,0.00,0.0,0.0,0.00,0.00,0.00,0.00,0,,,,,,,0.0,0.0,0.0,0.0,0.0,,,,,,,,,,,,,,,1,,1,,1,,,1,,,2,2,0,0,2,0.000000
2026-08-13,N523LP,KPNE,KPNE,KDYL,18:30,19:00,19:45,20:00,,,1.4,1.4,0.0,0.0,0.0,1.4,0.0,0.0,0.0,0.0,0.0,0,0.00,0.0,0.0,0.00,0.00,0.00,0.00,0,,,,,,,1.4,0.0,0.0,0.0,0.0,,,,,,,,,"""John Pilling""",,,,,,1,,1,,1,,,1,,,2,2,0,0,2,0.000000
2026-08-11,N2245W,KPNE,KPNE,,19:13,19:36,20:27,20:42,,,1.5,1.5,0.0,0.0,0.0,0.0,0.0,0.0,0.0,0.0,0.0,0,0.00,0.0,0.0,0.00,0.00,0.00,0.00,0,,,,,,,1.5,0.0,0.0,0.0,0.0,,,,,,,,,"""Bradley Schmidt, Archer checkout""",,,,,,1,,1,,1,,,1,,,2,2,0,0,2,0.000000
2026-08-09,N2245W,KPNE,KPNE,,15:14,15:31,16:19,16:34,,,1.2,1.2,0.0,0.0,0.0,0.0,0.0,0.0,0.0,0.0,0.0,0,0.00,0.0,0.0,0.00,0.00,0.00,0.00,0,,,,,,,1.2,0.0,0.0,0.0,0.0,,,,,,,,,,,,,,,,,1,,,,,1,,,1,1,0,0,1,0.000000
2026-08-01,N523LP,KPNE,KPNE,KLNS,,,,,,,2.0,2.0,0.0,2.0,0.0,2.0,0.0,0.0,0.0,0.0,0.0,0,118.30,0.0,0.0,0.00,0.00,0.00,0.00,0,,,,,,,0.0,0.0,0.0,0.0,0.0,,,,,,,,,"""Training approach KPNE RNAV 15 circle 24""",,,,,,,3,,,,,3,,,,0,0,3,3,3,0.000000
2026-07-31,N523LP,KPNE,KPNE,KWWD,22:36,22:55,00:40,00:55,,,2.2,2.2,0.0,0.2,0.5,0.0,0.0,0.0,0.0,0.0,0.0,0,129.10,0.0,0.0,0.00,0.00,0.00,0.00,0,,,,,,,0.0,0.0,0.0,0.0,0.0,,,,,,,,,"""Training approach RNAV 26 circle 19 KWWD""",,,,,,2,,1,,2,,1,,,,3,2,0,1,3,0.000000
2026-07-27,N523LP,KPNE,KPNE,,22:37,22:53,23:21,23:36,,,0.9,0.9,0.0,0.0,0.0,0.0,0.0,0.0,0.0,0.0,0.0,0,0.00,0.0,0.0,0.00,0.00,0.00,0.00,0,,,,,,,0.9,0.0,0.0,0.0,0.0,,,,,,,,,,,,,,,1,,1,,1,,,1,,,2,2,0,0,2,0.000000
2026-07-26,N523LP,KWWD,KPNE,,20:11,20:30,21:20,21:35,,,1.3,1.3,0.0,0.0,1.3,1.3,0.0,0.0,0.0,0.0,0.0,0,64.50,0.0,0.0,0.00,0.00,0.00,0.00,0,,,,,,,0.0,0.0,0.0,0.0,0.0,,,,,,,,,,,,,,,1,,,,1,,,1,,,1,2,0,0,2,0.000000
2026-07-25,N523LP,KPNE,KWWD,,18:17,18:40,19:27,19:42,,,1.2,1.2,0.0,0.0,1.2,1.2,0.0,0.0,0.0,0.0,0.0,0,64.50,0.0,0.0,0.00,0.00,0.00,0.00,0,,,,,,,0.0,0.0,0.0,0.0,0.0,,,,,,,,,,,,,,,1,,1,,1,,,,,,2,1,0,0,1,0.000000
2026-07-23,N523LP,KPNE,KPNE,KLNS,11:22,11:43,12:22,12:37,,,2.0,2.0,,0.0,2.0,2.0,0.0,0.0,0.0,0.0,0.0,0,59.20,0.0,0.0,0.00,0.00,0.00,0.00,0,,,,,,,0.0,0.0,0.0,0.0,0.0,,,,,,,,,,,,,,,2,,2,,2,,,2,,,4,4,0,0,4,0.000000
2026-07-20,N523LP,KPNE,KPNE,N81,19:32,19:58,20:58,21:13,,,1.5,1.5,,0.0,0.0,1.5,0.0,0.0,0.0,0.0,0.0,0,0.00,0.0,0.0,0.00,0.00,0.00,0.00,0,1;RNAV (GPS) RWY 03;03;N81;;,,,,,,0.0,0.0,0.0,0.0,0.0,,,,,,,,,,,,,,,2,,1,,1,,,1,,,3,2,0,0,2,0.000000
2026-07-12,N523LP,KPNE,KPNE,26N,18:01,18:31,20:15,20:30,,,2.3,2.3,0.0,0.0,0.0,2.3,0.0,0.0,0.0,0.0,0.0,0,105.00,0.0,1.5,0.00,0.00,0.00,0.00,1,1;RNAV (GPS) RWY 33;33;KPNE;;,1;GPS RWY 06;06;26N;;,,,,,0.0,0.0,0.0,0.0,0.0,,,,,,,,,,,,,,,2,,1,,,,,2,,,3,2,0,0,2,0.000000
2026-07-12,N523LP,KPNE,KPNE,N81 KMIV,15:03,15:33,17:07,17:22,,,2.0,2.0,0.0,0.0,0.0,0.0,0.0,0.0,0.0,0.0,0.0,0,93.50,0.0,1.7,0.00,0.00,0.00,0.00,0,1;ILS OR LOC RWY 10;10;KMIV;;,1;RNAV (GPS);03;N81;;,,,,,0.0,0.0,0.0,0.0,0.0,,,,,,,,,,,,,,,3,,1,,,,,1,,,4,1,0,0,1,0.000000
2026-07-12,N32SX,KPNE,KPNE,26N,11:28,11:38,12:51,13:06,,,1.5,1.5,0.0,0.0,0.0,1.5,0.0,0.0,0.0,0.0,0.0,0,105.00,0.0,1.0,0.00,0.00,0.00,0.00,0,1;RNAV (GPS) RWY 33;33;KPNE;;CIRCLE,1;GPS RWY 06;06;26N;;,,,,,0.0,0.0,0.0,0.0,0.0,,,,,,,,,,,,,,,2,,1,,1,1,,1,,,3,2,0,0,3,0.000000
2026-07-11,N2245W,KPNE,KPNE,,13:52,13:58,14:28,14:33,,,1.0,0.7,0.0,0.0,0.0,0.0,0.0,0.0,0.0,0.0,0.0,0,0.00,0.0,0.0,0.00,0.00,0.00,0.00,0,,,,,,,0.0,0.0,0.0,0.0,0.0,,,,,,,,,,,,,,,1,,1,,,,,1,,,2,1,0,0,1,0.000000
2026-07-05,N25GX,KPNE,KPNE,,21:30,21:49,22:20,22:35,,,1.0,1.0,0.0,0.0,1.0,0.0,0.0,0.0,0.0,0.0,0.0,0,0.00,0.0,0.0,0.00,0.00,0.00,0.00,0,,,,,,,0.0,0.0,0.0,0.0,0.0,,,,,,,,,,,,,,,5,,5,,,,,1,4,,10,1,0,0,5,0.000000
2026-06-21,N25GX,KPNE,KPNE,N26,23:19,23:49,01:36,01:51,,,2.3,2.3,0.0,0.6,0.0,2.3,0.0,0.0,0.0,0.0,0.0,0,0.00,0.0,0.0,0.00,0.00,0.00,0.00,0,,,,,,,2.3,0.0,0.0,0.0,0.0,,,,,,,,,,,,,,,1,,1,,,1,,,,1,2,0,0,1,2,0.000000
2026-06-21,N32SX,N07,KPNE,,13:14,13:19,13:53,14:08,,,1.0,1.0,0.0,0.0,0.0,1.0,0.0,0.0,0.0,0.0,0.0,0,60.90,0.0,0.0,0.00,0.00,0.00,0.00,0,,,,,,,0.0,0.0,0.0,0.0,0.0,,,,,,,,,,,,,,,1,,,,,,,1,,,1,1,0,0,1,0.000000
2026-06-21,N523LP,KPNE,N07,,11:30,11:53,12:36,12:51,,,1.2,1.2,0.0,0.0,1.2,1.2,0.0,0.0,0.0,0.0,0.0,0,60.90,0.0,0.0,0.00,0.00,0.00,0.00,0,,,,,,,0.0,0.0,0.0,0.0,0.0,,,,,,,,,,,,,,,1,,1,,1,,,,,,2,1,0,0,1,0.000000
2026-06-17,N523LP,KPNE,KPNE,,,,,,,,1.4,1.4,0.0,1.4,0.0,0.0,0.0,0.0,0.0,0.0,0.0,0,0.00,0.0,0.0,0.00,0.00,0.00,0.00,0,,,,,,,1.4,0.0,0.0,0.0,0.0,,,,,,,,,,,,,,,,5,,,,,5,,,5,0,0,5,10,10,0.000000
2026-06-16,N523LP,KPNE,KPNE,,20:44,21:04,21:26,21:41,,,1.0,1.0,0.0,0.0,0.0,0.0,0.0,0.0,0.0,0.0,0.0,0,0.00,0.0,0.0,0.00,0.00,0.00,0.00,0,,,,,,,1.0,0.0,0.0,0.0,0.0,,,,,,,,,,,,,,,3,,3,,1,,,1,2,,6,2,0,0,4,0.000000
2026-06-15,N523LP,KPNE,KPNE,,,,,,,,0.5,0.5,0.0,0.0,0.0,0.0,0.0,0.0,0.0,0.0,0.0,0,0.00,0.0,0.0,0.00,0.00,0.00,0.00,0,,,,,,,0.0,0.0,0.0,0.0,0.0,,,,,,,,,,,,,,,1,,,,1,,,,,,1,1,0,0,1,0.000000
2026-06-13,N523LP,KPNE,KPNE,,14:11,14:28,14:53,15:08,,,1.0,1.0,0.0,0.0,0.0,0.0,0.0,0.0,0.0,0.0,0.0,0,0.00,0.0,0.0,0.00,0.00,0.00,0.00,0,,,,,,,1.0,0.0,0.0,0.0,0.0,,,,,,,,,,,,,,,1,,1,,1,,,1,,,2,2,0,0,2,0.000000
2026-06-12,N523LP,KPNE,KPNE,,11:27,11:50,12:52,13:07,,,1.5,1.5,0.0,0.0,0.0,0.0,0.0,0.0,0.0,0.0,0.0,0,0.00,0.0,0.0,0.00,0.00,0.00,0.00,0,,,,,,,1.5,0.0,0.0,0.0,0.0,,,,,,,,,,,,,,,9,,1,,,8,,1,,,10,1,0,0,9,0.000000
2026-06-09,N523LP,KPNE,KPNE,,11:39,11:56,12:39,12:54,,,1.1,1.1,0.0,0.0,0.0,0.0,0.0,0.0,0.0,0.0,0.0,0,0.00,0.0,0.0,0.00,0.00,0.00,0.00,0,,,,,,,1.1,0.0,0.0,0.0,0.0,,,,,,,,,,,,,,,1,,1,,1,,,1,,,2,2,0,0,2,0.000000
2026-06-08,N523LP,KPNE,KPNE,,19:34,20:04,20:32,20:47,,,1.0,1.0,0.0,,0.0,0.0,0.0,0.0,0.0,0.0,0.0,0,0.00,0.0,0.0,0.00,0.00,0.00,0.00,0,,,,,,,1.0,0.0,0.0,0.0,0.0,,,,,,,,,,,,,,,1,,1,,1,,,1,,,2,2,0,0,2,0.000000
2026-06-04,N523LP,KPNE,KPNE,,20:04,20:19,20:46,21:01,,,1.0,1.0,0.0,0.0,0.0,0.0,0.0,0.0,0.0,0.0,0.0,0,0.00,0.0,0.0,0.00,0.00,0.00,0.00,0,,,,,,,0.0,0.0,0.0,0.0,0.0,,,,,,,,,,,,,,,,,1,,,,,1,,,1,1,0,0,1,0.000000
2026-06-03,N523LP,KPNE,KPNE,,,,,,,,1.0,1.0,0.0,0.0,0.0,0.0,0.0,0.0,0.0,0.0,0.0,0,0.00,0.0,0.0,0.00,0.00,0.00,0.00,0,,,,,,,1.0,0.0,0.0,0.0,0.0,,,,,,,,,,,,,,,1,,,,1,,,,,,1,1,0,0,1,0.000000
2026-06-03,N523LP,KPNE,KPNE,,19:18,19:48,21:06,21:21,,,1.7,1.7,0.0,0.0,0.0,0.0,0.0,0.0,0.0,0.0,0.0,0,0.00,0.0,0.0,0.00,0.00,0.00,0.00,0,,,,,,,1.7,,0.0,0.0,0.0,,,,,,,,,,,,,,,,,8,,,,,1,7,,8,1,0,0,8,0.000000
2026-06-02,N523LP,KPNE,KPNE,,11:18,11:31,12:20,12:35,,,1.1,1.1,0.0,0.0,0.0,0.0,0.0,0.0,0.0,0.0,0.0,0,0.00,0.0,0.0,0.00,0.00,0.00,0.00,0,,,,,,,1.1,0.0,0.0,0.0,0.0,,,,,,,,,,,,,,,,,1,,,,,1,,,1,1,0,0,1,0.000000
2026-06-01,N2245W,KPNE,KPNE,,18:32,18:53,20:22,20:37,,,2.0,2.1,0.0,0.0,0.0,0.0,0.0,0.0,0.0,0.0,0.0,0,0.00,0.0,0.0,0.00,0.00,0.00,0.00,0,,,,,,,2.0,0.0,0.0,0.0,0.0,,,,,,,,,,,,,,,,,1,,,,,1,,,1,1,0,0,1,0.000000
2026-05-29,N2245W,KPNE,KPNE,26N,23:51,00:11,01:51,02:06,,,2.2,2.2,0.0,1.3,0.0,2.2,0.0,0.0,0.0,0.0,0.0,0,105.00,0.0,0.0,0.00,0.00,0.00,0.00,0,,,,,,,2.2,0.0,0.0,0.0,0.0,,,,,,,,,,,,,,,1,,1,,,,,,,2,2,0,0,2,2,0.000000
2026-05-28,N523LP,KPNE,KPNE,KVAY,11:33,11:51,12:58,13:13,,,1.5,1.5,0.0,0.0,0.0,1.5,0.0,0.0,0.0,0.0,0.0,0,22.60,0.0,0.0,0.00,0.00,0.00,0.00,0,,,,,,,1.5,0.0,0.0,0.0,0.0,,,,,,,,,"""Zachary Kane PIAT checkout""",,,,,,12,,1,,1,,,1,9,,13,2,0,0,11,0.000000
2026-05-27,N2245W,KPNE,KPNE,26N,23:48,00:04,01:59,02:14,,,2.3,2.3,0.0,1.2,0.0,2.3,0.0,0.0,0.0,0.0,0.0,0,0.00,0.0,0.0,0.00,0.00,0.00,0.00,0,,,,,,,0.0,0.0,0.0,0.0,0.0,,,,,,,,,,,,,,,1,1,1,,,,2,,,2,2,0,1,4,4,0.000000
2026-05-27,N523LP,KPNE,KPNE,,20:40,21:10,22:49,23:04,,,2.2,2.2,0.0,0.0,0.0,0.0,0.0,0.0,0.0,0.0,0.0,0,0.00,0.0,0.0,0.00,0.00,0.00,0.00,0,,,,,,,2.2,0.0,0.0,0.0,0.0,,,,,,,,,,,,,,,,,9,,,,,1,8,,9,1,0,0,9,0.000000
2026-05-26,N523LP,KPNE,KPNE,,18:27,18:52,19:51,20:06,,,1.4,1.4,0.0,0.0,1.4,1.4,0.0,0.0,0.0,0.0,0.0,0,0.00,0.0,0.0,0.00,0.00,0.00,0.00,0,,,,,,,0.0,0.0,0.0,0.0,0.0,,,,,,,,,,,,,,,2,,1,,2,,,1,,,3,3,0,0,3,0.000000
2026-05-21,N523LP,KPNE,KPNE,"KPNE, KMJX,KPNE",,,,,,,2.7,2.7,,,1.1,1.1,,,,,,,68.50,,,,,,,,1;VOR RWY 06;06;KMJX;;,1;ILS OR LOC RWY 06;06;KMJX;;CIRCLE,1;RNAV (GPS) RWY 06;06;KMJX;;,,,,,,,,,,,,,,,,,,,TRUE,TRUE,,,,,,,,,,,,,3,3,,,3,0.000000
2026-05-17,N523LP,KPNE,KPNE,,01:10,01:28,01:52,02:07,,,1.0,1.0,0.0,1.0,0.0,0.0,0.0,0.0,0.0,0.0,0.0,0,0.00,0.0,0.0,0.00,0.00,0.00,0.00,0,,,,,,,1.0,0.0,0.0,0.0,0.0,,,,,,,,,,,,,,,,,,1,,,,,,1,0,0,1,1,1,0.000000
2026-05-17,N2245W,KPNE,KPNE,,12:16,12:30,14:07,14:22,,,2.0,2.0,0.0,0.0,0.0,0.0,0.0,0.0,0.0,0.0,0.0,0,0.00,0.0,0.5,0.00,0.00,0.00,0.00,0,1;RNAV (GPS) RWY 24;24;KPNE;Safety pilot Paul Doran;,,,,,,0.0,0.0,0.0,0.0,0.0,,,,,,,,,,,,,,,,,1,,,,,1,,,1,1,0,0,1,0.000000
2026-05-16,N2245W,KPNE,KPNE,,13:31,14:01,14:11,14:26,,,1.4,1.4,0.0,0.0,0.0,0.0,0.0,0.0,0.0,0.0,0.0,0,0.00,0.0,0.0,0.00,0.00,0.00,0.00,0,,,,,,,1.4,0.0,0.0,0.0,0.0,,,,,,,,,,,,,,,,,2,,,,,2,,,2,2,0,0,2,0.000000
2026-05-11,N523LP,KPNE,KPNE,,01:27,01:36,02:14,02:17,,,0.9,0.9,0.0,0.9,0.0,0.0,0.0,0.0,0.0,0.0,0.0,0,0.00,0.0,0.0,0.00,0.00,0.00,0.00,0,,,,,,,0.9,0.0,0.0,0.0,0.0,,,,,,,,,,,,,,,,,,3,,,,,,3,0,0,3,3,3,0.000000
2026-05-11,N523LP,KPNE,KPNE,,00:14,00:27,00:42,00:57,,,0.6,0.6,0.0,0.6,0.6,0.0,0.0,0.0,0.0,0.0,0.0,0,0.00,0.0,0.0,0.00,0.00,0.00,0.00,0,,,,,,,0.0,0.0,0.0,0.0,0.0,,,,,,,,,,,,,,,,,1,,,,3,,,,1,0,0,3,3,0.000000
2026-05-08,N523LP,KPNE,KPNE,,13:36,14:06,15:04,15:19,,,1.6,1.6,0.0,0.0,0.0,0.0,0.0,0.0,0.0,0.0,0.0,0,0.00,0.0,0.0,0.00,0.00,0.00,0.00,0,,,,,,,1.6,0.0,0.0,0.0,0.0,,,,,,,,,,,,,,,1,,1,,1,,,1,,,2,2,0,0,2,0.000000
2026-05-04,N523LP,KPNE,KPNE,,,,,,,,0.8,0.8,0.0,0.0,0.0,0.0,0.0,0.0,0.0,0.0,0.0,0,0.00,0.0,0.0,0.00,0.00,0.00,0.00,0,,,,,,,0.8,0.0,0.0,0.0,0.0,,,,,,,,,,,,,,,1,,,,,,1,,,,1,0,0,1,1,0.000000
2026-05-04,N2245W,KPNE,KPNE,31E,18:41,19:03,20:07,20:22,,,1.3,1.3,0.0,0.0,1.3,1.3,0.0,0.0,0.0,0.0,0.0,0,81.90,0.0,0.0,0.00,0.00,0.00,0.00,0,,,,,,,0.0,0.0,0.0,0.0,0.0,,,,,,,,,,,,,,,1,,1,,2,1,,1,,,2,3,0,0,4,0.000000
2026-05-02,N523LP,KPNE,KPNE,,12:43,13:08,14:30,14:45,,,2.0,2.0,0.0,0.0,0.0,0.0,0.0,0.0,0.0,0.0,0.0,0,0.00,0.0,0.0,0.00,0.00,0.00,0.00,0,,,,,,,2.0,0.0,0.0,0.0,0.0,,,,,,,,,,,,,,,1,,1,,,,,1,,,2,1,0,0,1,0.000000
2026-04-28,N2245W,KPNE,KPNE,,19:03,19:21,20:14,20:29,,,1.1,1.1,0.0,0.0,0.0,0.0,0.0,0.0,0.0,0.0,0.0,0,0.00,0.0,0.0,0.00,0.00,0.00,0.00,0,,,,,,,0.0,0.0,0.0,0.0,0.0,,,,,,,,,,,,,,,1,,1,,1,,,1,,,2,2,0,0,2,0.000000
2026-04-27,N523LP,KPNE,KPNE,,18:32,18:50,19:06,19:21,,,0.6,0.6,0.0,0.0,0.0,0.0,0.0,0.0,0.0,0.0,0.0,0,0.00,0.0,0.0,0.00,0.00,0.00,0.00,0,,,,,,,0.0,0.0,0.0,0.0,0.0,,,,,,,,,,,,,,,1,,1,,,,,1,,,2,1,0,0,1,0.000000
2026-04-27,N523LP,KPNE,40.12°N/74.75°W,,11:12,11:29,11:45,11:55,,,1.3,1.3,0.0,0.0,1.3,0.0,0.0,0.0,0.0,0.0,0.0,0,0.00,0.0,0.0,0.00,0.00,0.00,0.00,0,,,,,,,0.0,0.0,0.0,0.0,0.0,,,,,,,,,,,,,,,1,,1,,1,,,,,,2,1,0,0,1,0.000000
2026-04-23,N32SX,N40,KPNE,,15:21,15:24,15:41,15:56,,,0.6,0.6,0.0,0.0,0.0,0.6,0.0,0.0,0.0,0.0,0.0,0,29.10,0.0,0.0,0.00,0.00,0.00,0.00,0,,,,,,,0.0,0.0,0.0,0.0,0.0,,,,,,,,,,,,,,,1,,,,,,,1,,,1,1,0,0,1,0.000000
2026-04-23,N32SX,KPNE,N40,,13:20,13:42,14:04,14:19,,,1.0,1.0,0.0,0.0,0.0,1.0,0.0,0.0,0.0,0.0,0.0,0,29.10,0.0,0.0,0.00,0.00,0.00,0.00,0,,,,,,,0.0,0.0,0.0,0.0,0.0,,,,,,,,,,,,,,,1,,1,,1,,,,,,2,1,0,0,1,0.000000
2026-04-21,N523LP,KPNE,KPNE,,,,,,,,0.5,0.5,0.0,0.0,0.5,0.0,0.0,0.0,0.0,0.0,0.0,0,0.00,0.0,0.0,0.00,0.00,0.00,0.00,0,,,,,,,0.0,0.0,0.0,0.0,0.0,,,,,,,,,,,,,,,1,,,,1,,,,,,1,1,0,0,1,0.000000
2026-04-09,N523LP,KPNE,KPNE,,15:16,15:38,16:54,17:09,,,1.7,1.7,0.0,0.0,0.0,0.0,0.0,0.0,0.0,0.0,0.0,0,0.00,0.0,0.0,0.00,0.00,0.00,0.00,0,,,,,,,1.7,0.0,0.0,0.0,0.0,,,,,,,,,,,,,,,6,,6,,,,,2,4,,12,2,0,0,6,0.000000
2026-03-29,N523LP,KPNE,KMJX,,,,,,,,1.1,1.1,0.0,0.0,0.0,0.0,0.0,0.0,0.0,0.0,0.0,0,34.30,0.0,0.0,0.00,0.00,0.00,0.00,0,,,,,,,1.1,0.0,0.0,0.0,0.0,,,,,,,,,"""Alexandr Kislitsyn checkride prep""",,,,,,1,,,,1,,,,,,0,0,0,0,0,0.000000
2026-03-26,N523LP,KPNE,KPNE,,,,,,,,1.7,1.7,0.0,0.0,0.0,0.0,0.0,0.0,0.0,0.0,0.0,0,0.00,0.0,0.0,0.00,0.00,0.00,0.00,0,,,,,,,1.7,0.0,0.0,0.0,0.0,,,,,,,,,"""David Tan""",,,,,,8,,,,,,1,,7,,8,0,0,1,8,0.000000
2026-03-21,N63796,KINF,KMTH,,16:21,16:21,18:08,18:21,,,0.0,0.0,0.0,0.0,0.0,0.0,0.0,0.0,0.0,0.0,0.0,0,0.00,0.0,0.0,0.00,0.00,0.00,0.00,0,,,,,,,0.0,0.0,0.0,0.0,0.0,,,,,,,,,,,,,,,,,,,,,,,,,0,0,0,0,0,0.000000
2026-03-20,N63796,26.247N/81.759W,KAVO,KMKY,,,,,,,0.0,0.0,0.0,0.0,0.0,0.0,0.0,0.0,0.0,0.0,0.0,0,0.00,0.0,0.0,0.00,0.00,0.00,0.00,0,,,,,,,0.0,0.0,0.0,0.0,0.0,,,,,,,,,,,,,,,,,,,,,,,,,0,0,0,0,0,0.000000
2026-03-15,N2245W,KPNE,KPNE,,,,,,,,1.0,1.0,0.0,0.0,0.0,0.0,0.0,0.0,0.0,0.0,0.0,0,0.00,0.0,0.0,0.00,0.00,0.00,0.00,0,,,,,,,1.0,0.0,0.0,0.0,0.0,,,,,,,,,"""Discovery Flight for Bohdana Khrystyna Kuziv """,,,,,,1,,,,1,,,,,,1,1,0,0,1,0.000000
2026-03-15,N2245W,KPNE,KPNE,KLNS,11:09,11:25,12:00,12:15,,,1.7,1.7,1.7,0.0,1.7,1.7,0.0,0.0,0.0,0.0,0.0,0,118.30,0.0,0.0,0.00,0.00,0.00,0.00,0,,,,,,,0.0,0.0,0.0,0.0,0.0,,,,,,,,,,,,,,,1,,2,,,,,2,,,3,2,0,0,2,0.000000
2026-03-11,N32SX,KPNE,KPNE,KDYL,21:23,21:23,21:50,22:05,,,1.2,1.2,0.0,0.0,0.0,1.2,0.0,0.0,0.0,0.0,0.0,0,0.00,0.0,0.0,0.00,0.00,0.00,0.00,0,,,,,,,1.2,0.0,0.0,0.0,0.0,,,,,,,,,"""Juan AntonioFlores-Salazar""",,,,,,2,,1,,2,,,,,,3,2,0,0,2,0.000000
2026-03-10,N32SX,KMJX,KPNE,,20:05,20:11,20:37,20:52,,,0.8,0.8,0.0,0.0,0.0,0.8,0.0,0.0,0.0,0.0,0.0,0,0.00,0.0,0.6,0.00,0.00,0.00,0.00,0,1;ILS OR LOC RWY 24;24;KPNE;;,,,,,,0.0,0.0,0.0,0.0,0.0,,,,,,,,,,,,,,,1,,,,,,,1,,,1,1,0,0,1,0.000000
2026-03-10,N32SX,KPNE,KMJX,,18:36,19:02,19:39,19:54,,,1.3,1.3,0.0,0.0,0.0,1.3,0.0,0.0,0.0,0.0,0.0,0,0.00,0.0,1.1,0.00,0.00,0.00,0.00,1,1;RNAV (GPS) RWY 24;24;KMJX;Hold at LOYNE;,,,,,,0.0,0.0,0.0,0.0,0.0,,,,,,,,,,,,,,,1,,1,,1,,,,,,2,1,0,0,1,0.000000
2026-03-09,N32SX,KPNE,KPNE,,19:00,19:16,19:53,19:58,,,1.0,1.0,0.0,0.0,0.0,0.0,0.0,0.0,0.0,0.0,0.0,0,0.00,0.0,0.8,0.00,0.00,0.00,0.00,0,1;RNAV (GPS) RWY 24;24;KPNE;Safety pilot Paul Doran;,,,,,,0.0,0.0,0.0,0.0,0.0,,,,,,,,,,,,,,,2,,2,,,,,1,,,4,1,0,0,1,0.000000
2026-03-02,N32SX,KPNE,KPNE,,20:07,20:09,21:11,21:26,,,1.4,1.4,0.0,0.0,0.0,0.0,0.0,0.0,0.0,0.0,0.0,0,0.00,0.0,1.1,0.00,0.00,0.00,0.00,0,2;RNAV (GPS) RWY 33;33;KPNE;Circle to land 06;CIRCLE,1;RNAV (GPS) RWY 33;33;KPNE;;,,,,,0.0,0.0,0.0,0.0,0.0,,,,,,,,,"""Safety pilot Paul Doran""",,,,,,,,3,,,,,1,2,,3,1,0,0,3,0.000000
2026-02-28,N523LP,KPNE,KPNE,,,,,,,,1.2,1.2,0.0,0.0,0.0,0.0,0.0,0.0,0.0,0.0,0.0,0,0.00,0.0,0.0,71.80,0.00,6.00,0.00,0,,,,,,,1.2,0.0,0.0,0.0,0.0,,,,,,,,,,,,,,,1,,,,1,,,,,,1,1,0,0,1,0.000000
2026-02-28,N523LP,KPNE,KPNE,31E,,,,,,,2.0,2.0,0.0,0.0,0.0,2.0,0.0,0.0,0.0,0.0,0.0,0,81.90,0.0,0.0,69.80,71.80,0.00,6.00,0,,,,,,,2.0,0.0,0.0,0.0,0.0,,,,,,,,,,,,,,,2,,,,,,2,,,,2,0,0,2,2,0.000000
2026-02-27,N523LP,KPNE,KPNE,KPTW,,,,,,,1.2,1.2,0.0,0.0,0.0,1.2,0.0,0.0,0.0,0.0,0.0,0,53.70,0.0,0.0,0.00,0.00,0.00,0.00,0,,,,,,,1.2,0.0,0.0,0.0,0.0,,,,,,,,,,,,,,,2,,,,2,,,,,,2,2,0,0,2,0.000000
2026-02-25,N2245W,KPNE,KPNE,,19:41,20:11,21:17,21:32,,,1.7,1.7,0.0,0.0,0.0,0.0,0.0,0.0,0.0,0.0,0.0,0,0.00,0.0,0.0,0.00,0.00,0.00,0.00,0,,,,,,,1.7,0.0,0.0,0.0,0.0,,,,,,,,,,,,,,,,,8,,,,,1,7,,8,1,0,0,8,0.000000
2026-02-24,N523LP,KPNE,KPNE,,22:13,22:28,23:02,23:17,,,1.1,1.1,0.0,0.0,0.0,0.0,0.0,0.0,0.0,0.0,0.0,0,0.00,0.0,0.0,0.00,0.00,0.00,0.00,0,,,,,,,1.1,0.0,0.0,0.0,0.0,,,,,,,,,,,,,,,,,1,,,,1,1,,,1,1,0,1,2,0.000000
2026-02-14,N523LP,KPNE,KPNE,,14:33,14:51,16:14,16:29,,,1.9,1.9,0.0,0.0,0.0,0.0,0.0,0.0,0.0,0.0,0.0,0,0.00,0.0,0.0,0.00,0.00,0.00,0.00,0,,,,,,,1.9,0.0,0.0,0.0,0.0,,,,,,,,,,,,,,,,,10,,,,,1,9,,10,1,0,0,10,0.000000
2026-02-13,N523LP,KPNE,KPNE,,13:41,13:43,15:08,15:23,,,1.9,1.9,0.0,0.0,0.0,0.0,0.0,0.0,0.0,0.0,0.0,0,0.00,0.0,0.0,0.00,0.00,0.00,0.00,0,,,,,,,1.7,0.0,0.0,0.0,0.0,,,,,,,,,,,,,,,,,9,,,,,1,8,,9,1,0,0,9,0.000000
2026-02-09,N523LP,KPNE,KPNE,,01:22,01:29,01:57,02:12,,,0.8,0.8,0.0,0.8,0.0,0.0,0.0,0.0,0.0,0.0,0.0,0,0.00,0.0,0.0,0.00,0.00,0.00,0.00,0,,,,,,,0.0,0.0,0.0,0.0,0.0,,,,,,,,,,,,,,,,,,1,,,,,,1,0,0,1,1,1,0.000000
2026-02-09,N523LP,KPNE,KPNE,,00:27,00:34,00:50,01:05,,,0.6,0.6,0.0,0.6,0.0,0.0,0.0,0.0,0.0,0.0,0.0,0,0.00,0.0,0.0,0.00,0.00,0.00,0.00,0,,,,,,,0.0,0.0,0.0,0.0,0.0,,,,,,,,,,,,,,,,,,3,,,,,,3,0,0,3,3,3,0.000000
2026-02-06,N2245W,KGIF,,,,,,,,,1.0,1.0,0.0,0.0,0.0,0.0,0.0,0.0,0.0,0.0,0.0,0,0.00,0.0,0.0,0.00,0.00,0.00,0.00,0,,,,,,,1.0,0.0,0.0,0.0,0.0,,,,,,,,,,,,,,,1,,,,1,,,,,,1,1,0,0,1,0.000000
2026-02-06,N2245W,KPNE,31E,,16:23,16:53,17:18,17:33,,,1.1,1.1,0.0,0.0,0.0,1.1,0.0,0.0,0.0,0.0,0.0,0,40.90,0.0,0.0,0.00,0.00,0.00,0.00,0,,,,,,,0.0,0.0,0.0,0.0,0.0,,,,,,,,,,,,,,,1,,1,,1,,,,,,2,1,0,0,1,0.000000
2026-02-04,N63796,X14,KGIF,,21:30,21:47,22:28,22:43,,,1.2,0.0,0.0,0.0,0.0,0.0,0.0,0.0,0.0,0.0,0.0,0,0.00,0.0,0.0,0.00,0.00,0.00,0.00,0,,,,,,,0.0,0.0,0.0,0.0,0.0,,,,,,,,,,,,,,,,,,,,,,,,,0,0,0,0,0,0.000000
2026-02-04,N63796,KLAL,X14,,18:55,19:25,20:04,20:19,,,0.0,0.0,0.0,0.0,0.0,0.0,0.0,0.0,0.0,0.0,0.0,0,0.00,0.0,0.0,0.00,0.00,0.00,0.00,0,,,,,,,0.0,0.0,0.0,0.0,0.0,,,,,,,,,,,,,,,,,,,,,,,,,0,0,0,0,0,0.000000
2026-02-04,N63796,KGIF,KLAL,,17:28,17:52,18:04,18:19,,,0.0,0.0,0.0,0.0,0.0,0.0,0.0,0.0,0.0,0.0,0.0,0,0.00,0.0,0.0,0.00,0.00,0.00,0.00,0,,,,,,,0.0,0.0,0.0,0.0,0.0,,,,,,,,,,,,,,,1,,,,,,,1,,,1,1,0,0,1,0.000000
2026-02-03,N63796,KGIF,KGIF,KSEF,,,,,,,0.0,0.0,0.0,0.0,0.0,0.0,0.0,0.0,0.0,0.0,0.0,0,0.00,0.0,0.0,0.00,0.00,0.00,0.00,0,,,,,,,0.0,0.0,0.0,0.0,0.0,,,,,,,,,,,,,,,,,,,,,,,,,0,0,0,0,0,0.000000
2026-02-03,N63796,KGIF,KGIF,KAPF,20:33,20:57,22:58,23:13,,,0.0,0.0,0.0,0.0,0.0,0.0,0.0,0.0,0.0,0.0,0.0,0,0.00,0.0,0.0,0.00,0.00,0.00,0.00,0,,,,,,,0.0,0.0,0.0,0.0,0.0,,,,,,,,,,,,,,,,,,,,,,,,,0,0,0,0,0,0.000000
2026-01-31,N2245W,KPNE,KPNE,N31,18:29,18:55,19:20,19:20,,,1.2,1.2,0.0,0.0,0.0,1.2,0.0,0.0,0.0,0.0,0.0,0,82.00,0.0,0.0,0.00,0.00,0.00,0.00,0,,,,,,,0.0,0.0,0.0,0.0,0.0,,,,,,,,,,,,,,,2,,1,,2,,,,,,3,2,0,0,2,0.000000
2026-01-29,N523LP,KPNE,KPNE,,16:12,16:31,17:19,17:34,,,1.2,1.2,0.0,0.0,0.0,0.0,0.0,0.0,0.0,0.0,0.0,0,0.00,0.0,0.0,0.00,0.00,0.00,0.00,0,,,,,,,1.2,0.0,0.0,0.0,0.0,,,,,,,,,,,,,,,6,,6,,1,,,1,4,,12,2,0,0,6,0.000000
2026-01-12,N2245W,KMJX,KPNE,,19:41,19:48,20:18,20:33,,,0.8,0.8,0.0,0.0,0.8,0.8,0.0,0.0,0.0,0.0,0.0,0,34.30,0.0,0.0,0.00,0.00,0.00,0.00,0,,,,,,,0.0,0.0,0.0,0.0,0.0,,,,,,,,,,,,,,,1,,,,,,,1,,,1,1,0,0,1,0.000000
2026-01-12,N2245W,KMJX,KMJX,,16:22,16:41,18:00,18:06,,,1.5,1.5,0.0,0.0,0.0,0.0,0.0,0.0,0.0,0.0,0.0,0,0.00,0.0,0.0,0.00,0.00,0.00,0.00,0,,,,,,,0.0,0.0,0.0,0.0,0.0,,,,,,,,,"""CPL CHECKRIDE""",,,TRUE,,,4,,,,3,1,,,,,4,3,0,0,4,0.000000
2026-01-12,N2245W,KPNE,KMJX,,12:31,12:53,13:17,13:32,,,1.0,1.0,0.0,0.0,1.0,1.0,0.0,0.0,0.0,0.0,0.0,0,34.30,0.0,0.0,0.00,0.00,0.00,0.00,0,,,,,,,0.0,0.0,0.0,0.0,0.0,,,,,,,,,,,,,,,1,,1,,1,,,,,,2,1,0,0,1,0.000000
2026-01-09,N523LP,KPNE,KPNE,N07,12:43,13:08,13:42,13:57,,,2.1,2.1,0.0,0.0,0.0,2.1,0.0,0.0,0.0,0.0,0.0,0,121.80,0.0,0.0,0.00,0.00,0.00,0.00,0,,,,,,,2.1,0.0,0.0,0.0,0.0,,,,,,,,,,,,,,,2,,1,,2,,,,,,3,2,0,0,2,0.000000
2026-01-08,N523LP,KPNE,KPNE,,,,,,,,0.9,0.9,0.0,0.0,0.0,0.0,0.0,0.0,0.0,0.0,0.0,0,0.00,0.0,0.0,0.00,0.00,0.00,0.00,0,,,,,,,0.0,0.0,0.0,0.0,0.0,,,,,,,,,"""Test flight""",,,,,,3,,,,1,,,,2,,3,1,0,0,3,0.000000
2026-01-06,N2245W,KPNE,KPNE,,,,,,,,0.2,0.2,0.0,0.0,0.0,0.0,0.0,0.0,0.0,0.0,0.0,0,0.00,0.0,0.0,0.00,0.00,0.00,0.00,0,,,,,,,0.0,0.0,0.0,0.0,0.0,,,,,,,,,"""Maintenance flight""",,,,,,,,,,,,,,,,0,0,0,0,0,0.000000
2026-01-05,N2245W,KPNE,,,,,,,,,1.1,1.1,0.0,0.0,0.0,0.0,0.0,0.0,0.0,0.0,0.0,0,0.00,0.0,0.0,0.00,0.00,0.00,0.00,0,,,,,,,0.0,1.1,0.0,0.0,0.0,Patrick Williams,,,,,,,,,,,,,,1,,,,1,,,,,,1,1,0,0,1,0.000000
2026-01-05,N2245W,KPNE,KPNE,,,,,,,,1.1,1.1,0.0,0.0,0.0,0.0,0.0,0.0,0.0,0.0,0.0,0,0.00,0.0,0.0,0.00,0.00,0.00,0.00,0,,,,,,,0.0,1.1,0.0,0.0,0.0,Patrick Williams,,Patrick Williams;Instructor;paw1290@gmail.com;,,,,,,,,,,,,3,,,,2,,,,1,,3,2,0,0,3,0.000000
2026-01-04,N2245W,KPNE,KPNE,,18:20,18:35,20:47,21:02,,,2.4,2.4,0.0,0.0,0.0,0.0,0.0,0.0,0.0,0.0,0.0,0,0.00,0.0,0.0,0.00,0.00,0.00,0.00,0,,,,,,,0.0,2.4,0.0,0.0,0.0,William Strobel,"""Practiced comm maneuvers.  Lazy 8s, steep spirals, Chandelles, steep turns, 8s on pylons, and landings. Good job on all. The map shows it. Just remember to pull back on yoke when making left turn in steep turns. """,,,,,,,,,,,,,,,3,,,,,1,2,,3,1,0,0,3,0.000000
2026-01-03,N2245W,KPNE,KPNE,,,,,,,,1.1,1.1,0.0,0.0,0.0,0.0,0.0,0.0,0.0,0.0,0.0,0,0.00,0.0,0.0,0.00,0.00,0.00,0.00,0,,,,,,,0.0,1.1,0.0,0.0,0.0,William Strobel,"""Good job today.  Practiced 8s on pylons.  Have to bring the left turn in a bit, but otherwise sharp.  Steep spirals improved.  Chandelles. Good. Slow flight good.  Stalls. Power off get into a stabilized descent before starting the procedure, same for power On.  Stabilize at 70kts then perform the maneuver """,,,,,,,,,,,,,1,,,,1,,,,,,1,1,0,0,1,0.000000
2026-01-03,N2245W,KPNE,KPNE,,,,,,,,2.0,2.0,0.0,0.0,0.0,0.0,0.0,0.0,0.0,0.0,0.0,0,0.00,0.0,0.0,0.00,0.00,0.00,0.00,0,,,,,,,0.0,2.0,0.0,0.0,0.0,William Strobel,"""Another good day.  Landings on point. Short field T/L, soft field T/L, Normal T/L. All excellent.  Practiced steep turns, remember to keep head up instead of inside looking at instruments.  Lazy 8s, good. Chandelles good, worked on steep spirals. Overall great performance. """,,,,,,,,,,,,,6,,,,2,,,,5,,6,2,0,0,7,0.000000
2025-12-28,N2245W,KPNE,KPNE,,18:48,19:05,19:40,19:55,,,1.1,1.1,0.0,0.0,0.0,0.0,0.0,0.0,0.0,0.0,0.0,0,0.00,0.0,0.0,0.00,0.00,0.00,0.00,0,,,,,,,0.0,0.0,0.0,0.0,0.0,,,,,,,,,,,,,,,,,6,,,,,1,,,6,1,0,0,1,0.000000
2025-12-28,N2245W,KPNE,KPNE,,13:53,14:21,15:02,15:17,,,1.4,1.4,0.0,0.0,0.0,0.0,0.0,0.0,0.0,0.0,0.0,0,0.00,0.0,0.0,0.00,0.00,0.00,0.00,0,,,,,,,1.4,0.0,0.0,0.0,0.0,,,,,,,,,,,,,,,,,7,,,,,7,,,7,7,0,0,7,0.000000
2025-12-18,N523LP,KPNE,26N,,,,,,,,0.0,0.0,0.0,0.0,0.0,0.0,0.0,0.0,0.0,0.0,0.0,0,0.00,0.0,0.0,0.00,0.00,0.00,0.00,0,,,,,,,0.0,0.0,0.0,0.0,0.0,,,,,,,,,,,,,,,,,,,,,,,,,0,0,0,0,0,0.000000
2025-12-17,N523LP,KPNE,KPNE,26N,19:33,19:49,22:27,22:42,,,3.2,3.2,0.0,0.7,0.0,3.2,0.0,0.0,0.0,0.0,0.0,0,105.00,0.0,0.0,0.00,0.00,0.00,0.00,0,,,,,,,3.2,0.0,0.0,0.0,0.0,,,,,,,,,,,,,,,3,,1,1,2,1,1,1,,,4,3,1,1,5,0.000000
2025-12-13,N523LP,KPNE,KPNE,,13:41,13:55,14:41,14:56,,,1.3,1.3,0.0,0.0,0.0,0.0,0.0,0.0,0.0,0.0,0.0,0,0.00,0.0,0.0,0.00,0.00,0.00,0.00,0,,,,,,,1.3,0.0,0.0,0.0,0.0,,,,,,,,,,,,,,,5,,5,,1,,,1,,,10,2,0,0,2,0.000000
2025-12-08,N523LP,KPNE,KPNE,,12:21,12:40,13:31,13:43,,,1.3,1.3,0.0,0.0,0.0,0.0,0.0,0.0,0.0,0.0,0.0,0,0.00,0.0,0.0,0.00,0.00,0.00,0.00,0,,,,,,,1.3,0.0,0.0,0.0,0.0,,,,,,,,,,,,,,,3,,3,,3,,,3,,,6,6,0,0,6,0.000000
2025-12-07,N523LP,KPNE,KPNE,KWWD,14:32,14:32,15:23,15:38,,,2.2,2.2,0.0,0.0,0.0,2.2,0.0,0.0,0.0,0.0,0.0,0,129.10,0.0,1.9,0.00,0.00,0.00,0.00,0,1;RNAV (GPS) RWY 33;33;KPNE;;,1;RNAV (GPS) RWY 19;19;KWWD;;,,,,,0.0,0.0,0.0,0.0,0.0,,,,,,,,,,,,,,,2,,,,2,,,1,,,2,3,0,0,3,0.000000
2025-12-04,N2245W,KPNE,,,,,,,,,0.0,0.0,0.0,0.0,0.0,0.0,0.0,0.0,0.0,0.0,0.0,0,0.00,0.0,0.0,0.00,0.00,0.00,0.00,0,,,,,,,0.0,0.0,0.0,0.0,0.0,,,,,,,,,,,,,,,,,,,,,,,,,0,0,0,0,0,0.000000
2025-12-04,N523LP,KPNE,KPNE,KWWD,18:16,18:26,20:27,20:27,,,4.6,4.6,0.0,0.0,0.0,4.6,0.0,0.0,0.0,0.0,0.0,0,0.00,0.0,4.3,0.00,0.00,0.00,0.00,0,2;RNAV (GPS) RWY 28;28;KWWD;;,1;RNAV (GPS) RWY 10;10;KWWD;;,1;VOR-A;;KWWD;;,,,,0.0,0.0,0.0,0.0,0.0,,,,,,,,,,,,,,,2,,,,2,,,,,,2,2,0,0,2,0.000000
2025-11-30,N2245W,KPNE,KPNE,,,,,,,,1.5,1.5,0.0,0.0,0.0,0.0,0.0,0.0,0.0,0.0,0.0,0,0.00,0.0,0.0,0.00,0.00,0.00,0.00,0,,,,,,,0.0,0.0,0.0,0.0,0.0,,,,,,,,,,,,,,,6,,,,6,,,,,,6,6,0,0,6,0.000000
2025-11-29,N523LP,KPNE,KPNE,,,,,,,,1.6,1.6,0.0,0.0,0.0,0.0,0.0,0.0,0.0,0.0,0.0,0,0.00,0.0,0.0,0.00,0.00,0.00,0.00,0,,,,,,,1.6,0.0,0.0,0.0,0.0,,,,,,,,,,,,,,,9,,,,9,,,,,,9,9,0,0,9,0.000000
2025-11-24,N523LP,KPNE,KPNE,,12:34,12:44,13:23,13:38,,,1.1,1.1,0.0,0.0,1.1,0.0,0.0,0.0,0.0,0.0,0.0,0,0.00,0.0,0.0,0.00,0.00,0.00,0.00,0,,,,,,,0.0,0.0,0.0,0.0,0.0,,,,,,,,,,,,,,,1,,1,,1,,,1,,,2,2,0,0,2,0.000000
2025-11-15,N523LP,KPNE,KPNE,,13:43,14:05,14:50,15:05,,,1.3,1.4,0.0,0.0,0.0,0.0,0.0,0.0,0.0,0.0,0.0,0,0.00,0.0,0.0,0.00,0.00,0.00,0.00,0,,,,,,,1.3,0.0,0.0,0.0,0.0,,,,,,,,,,,,,,,1,,1,,1,,,1,,,2,2,0,0,2,0.000000
2025-11-04,N523LP,KPNE,KPNE,,19:33,19:39,21:46,22:01,,,2.2,2.5,0.0,0.0,0.0,0.0,0.0,0.0,0.0,0.0,0.0,0,0.00,0.0,2.2,0.00,0.00,0.00,0.00,6,3;ILS OR LOC RWY 24;24;KPNE;;,3;RNAV (GPS) RWY 24;24;KPNE;;,,,,,0.0,0.0,2.2,0.0,0.0,,,,,,,,,,,,,,,,,,,,,,,,,0,0,0,0,0,0.000000
2025-11-02,N523LP,KPNE,KPNE,,14:32,14:54,15:44,15:59,,,1.3,1.3,0.0,0.0,0.0,0.0,0.0,0.0,0.0,0.0,0.0,0,0.00,0.0,0.0,0.00,0.00,0.00,0.00,0,,,,,,,1.3,0.0,0.0,0.0,0.0,,,,,,,,,,,,,,,1,,1,,1,,,1,,,2,2,0,0,2,0.000000
2025-11-01,N523LP,KPNE,KPNE,,11:20,11:46,12:36,12:51,,,1.2,1.2,0.0,0.0,0.0,0.0,0.0,0.0,0.0,0.0,0.0,0,0.00,0.0,0.0,0.00,0.00,0.00,0.00,0,,,,,,,1.2,0.0,0.0,0.0,0.0,,,,,,,,,,,,,,,1,,1,,1,,,1,,,2,2,0,0,2,0.000000
2025-10-27,N523LP,KPNE,KPNE,,18:56,19:10,20:06,20:21,,,1.4,1.4,0.0,0.0,0.0,0.0,0.0,0.0,0.0,0.0,0.0,0,0.00,0.0,0.0,0.00,0.00,0.00,0.00,0,,,,,,,1.4,0.0,0.0,,0.0,,,,,,,,,,,,,,,1,,1,,1,,,1,,,2,2,0,0,2,0.000000
2025-10-25,N523LP,KPNE,KPNE,,13:51,14:01,14:42,14:57,,,1.1,1.1,0.0,0.0,0.0,0.0,0.0,0.0,0.0,0.0,0.0,0,0.00,0.0,0.0,0.00,0.00,0.00,0.00,0,,,,,,,1.1,0.0,0.0,0.0,0.0,,,,,,,,,,,,,,,1,,1,,1,,,1,,,2,2,0,0,2,0.000000
2025-10-24,N523LP,N07,KPNE,,13:38,13:49,14:31,14:46,,,1.1,1.1,0.0,0.0,0.0,1.1,0.0,0.0,0.0,0.0,0.0,0,60.90,0.0,0.0,0.00,0.00,0.00,0.00,0,,,,,,,0.0,0.0,0.0,0.0,0.0,,,,,,,,,,,,,,,1,,,,1,,,1,,,1,2,0,0,2,0.000000
2025-10-24,N32SX,KPNE,N07,,12:03,12:04,12:43,12:58,,,0.9,0.9,0.0,0.0,0.0,0.9,0.0,0.0,0.0,0.0,0.0,0,60.90,0.0,0.0,0.00,0.00,0.00,0.00,0,,,,,,,0.0,0.0,0.0,0.0,0.0,,,,,,,,,,,,,,,,,1,,1,,,,,,1,1,0,0,1,0.000000
2025-10-23,N224VL,KUKT,KUKT,,,,,,,,0.6,0.6,0.0,0.0,0.0,0.0,0.0,0.0,0.0,0.0,0.0,0,0.00,0.0,0.0,0.00,0.00,0.00,0.00,0,,,,,,,0.0,0.0,0.0,0.0,0.0,,,,,,,,,,,,,,,,,,,,,,,,,1,1,0,0,1,0.000000
2025-10-23,N224VL,KPNE,,,,,,,,,0.0,0.0,0.0,0.0,0.0,0.0,0.0,0.0,0.0,0.0,0.0,0,0.00,0.0,0.0,0.00,0.00,0.00,0.00,0,,,,,,,0.0,0.0,0.0,0.0,0.0,,,,,,,,,,,,,,,,,,,,,,,,,0,0,0,0,0,0.000000
2025-10-23,N32SX,KPNE,KPNE,KUKT,17:59,18:09,18:26,18:41,,,1.1,1.1,0.0,0.0,0.0,1.1,0.0,0.0,0.0,0.0,0.0,0,54.40,0.0,0.0,0.00,0.00,0.00,0.00,0,,,,,,,0.0,0.0,0.0,0.0,0.0,,,,,,,,,,,,,,,,,,,,,,,,,2,2,0,0,2,0.000000
2025-10-22,N523LP,KPNE,KPNE,KWWD,23:37,00:03,01:23,01:38,,,2.7,2.7,0.0,2.7,0.0,2.7,0.0,0.0,0.0,0.0,0.0,0,129.10,0.0,0.0,0.00,0.00,0.00,0.00,0,,,,,,,2.7,0.0,0.0,0.0,0.0,,,,,,,,,,,,,,,,,,,,,,,,,0,0,2,2,2,0.000000
2025-10-14,N25GX,KPNE,KPNE,,23:47,00:14,00:59,01:14,,,1.2,1.2,0.0,1.2,0.0,0.0,0.0,0.0,0.0,0.0,0.0,0,0.00,0.0,0.0,0.00,0.00,0.00,0.00,0,,,,,,,1.2,0.0,0.0,0.0,0.0,,,,,,,,,,,,,,,,,,,,,,,,,0,0,6,6,6,0.000000
2025-10-09,N523LP,KPNE,KVAY,,13:55,14:17,14:58,15:13,,,1.6,1.6,0.0,0.0,0.0,0.0,0.0,0.0,0.0,0.0,0.0,0,0.00,0.0,0.0,0.00,0.00,0.00,0.00,0,,,,,,,1.6,0.0,0.0,0.0,0.0,,,,,,,,,,,,,,,,,,,,,,,,,6,2,0,0,3,0.000000
2025-10-09,N523LP,KPNE,KPNE,,11:25,11:39,12:55,13:10,,,1.8,1.8,0.0,0.0,0.0,0.0,0.0,0.0,0.0,0.0,0.0,0,0.00,0.0,0.0,0.00,0.00,0.00,0.00,0,,,,,,,1.8,0.0,0.0,0.0,0.0,,,,,,,,,,,,,,,,,,,,,,,,,1,1,0,0,1,0.000000
2025-10-07,N523LP,1PS6,,,,,,,,,1.3,1.3,0.0,0.0,0.0,0.0,0.0,0.0,0.0,0.0,0.0,0,0.00,0.0,0.0,0.00,0.00,0.00,0.00,0,,,,,,,0.0,1.3,0.0,0.0,0.0,,,,,,,,,,,,,,,,,,,,,,,,,1,1,0,0,1,0.000000
2025-10-07,N523LP,KPNE,1PS6,,11:26,11:46,12:07,12:09,,,1.1,1.1,0.0,0.0,0.0,0.0,0.0,0.0,0.0,0.0,0.0,0,0.00,0.0,0.0,0.00,0.00,0.00,0.00,0,,,,,,,0.0,0.0,0.0,0.0,0.0,,,,,,,,,,,,,,,,,,,,,,,,,6,6,0,0,6,0.000000
2025-10-04,N523LP,KPNE,KPNE,,11:10,11:23,12:18,12:33,,,1.4,1.4,0.0,0.0,0.0,0.0,0.0,0.0,0.0,0.0,0.0,0,0.00,0.0,0.0,0.00,0.00,0.00,0.00,0,,,,,,,0.0,0.0,0.0,0.0,0.0,,,,,,,,,,,,,,,,,,,,,,,,,1,1,0,0,1,0.000000
2025-09-27,N32SX,KPNE,KPNE,,12:07,12:15,13:01,13:16,,,1.2,1.2,0.0,0.0,0.0,0.0,0.0,0.0,0.0,0.0,0.0,0,0.00,0.0,0.0,0.00,0.00,0.00,0.00,0,,,,,,,0.0,0.0,0.0,0.0,0.0,,,,,,,,,,,,,,,,,,,,,,,,,1,1,0,0,1,0.000000
2025-09-26,N625FL,KPNE,KPNE,N14,00:08,00:15,00:55,01:10,,,1.0,1.0,0.0,0.7,0.0,1.0,0.0,0.0,0.0,0.0,0.0,0,25.80,0.0,0.0,0.00,0.00,0.00,0.00,0,,,,,,,0.0,0.0,0.0,0.0,0.0,,,,,,,,,,,,,,,,,,,,,,,,,0,0,3,3,3,0.000000
2025-09-23,N25GX,KPNE,KPNE,,18:51,19:08,19:43,19:58,,,0.9,0.9,0.0,0.0,0.0,0.0,0.0,0.0,0.0,0.0,0.0,0,0.00,0.0,0.7,0.00,0.00,0.00,0.00,0,,,,,,,0.0,0.9,0.0,0.0,0.0,Caleb Roop,,,,,,,,,,,,,,,,,,,,,,,,1,1,0,0,1,0.000000
2025-09-20,N32SX,KPNE,KPNE,,12:14,12:25,13:32,13:47,,,1.4,1.4,0.0,0.0,0.0,0.0,0.0,0.0,0.0,0.0,0.0,0,0.00,0.0,0.0,0.00,0.00,0.00,0.00,0,,,,,,,0.0,0.0,0.0,0.0,0.0,,,,,,,,,,,,,,,,,,,,,,,,,1,1,0,0,1,0.000000
2025-09-19,N523LP,KPNE,KPNE,KPNE KVAY KPNE,13:07,13:32,15:12,15:27,,,2.0,2.0,0.0,0.0,0.0,2.0,0.0,0.0,0.0,0.0,0.0,0,0.00,0.0,0.0,0.00,0.00,0.00,0.00,0,,,,,,,2.0,0.0,0.0,0.0,0.0,,,,,,,,,,,,,,,,,,,,,,,,,13,1,0,0,13,0.000000
2025-09-16,N523LP,KPNE,KPNE,,18:14,18:30,19:42,19:57,,,1.5,1.5,0.0,0.0,0.0,0.0,0.0,0.0,0.0,0.0,0.0,0,0.00,0.0,0.0,0.00,0.00,0.00,0.00,0,,,,,,,0.0,1.5,0.0,0.0,0.0,Caleb Roop,,,,,,,,,,,,,,,,,,,,,,,,1,1,0,0,1,0.000000
2025-09-15,N25GX,KPNE,KDYL,KPNE KPTW KDYL KPNE,18:56,19:15,20:03,20:18,,,1.7,1.7,0.0,0.0,0.0,1.7,0.0,0.0,0.0,0.0,0.0,0,79.40,0.0,0.0,0.00,0.00,0.00,0.00,0,,,,,,,1.7,0.0,0.0,0.0,0.0,,,,,,,,,,,,,,,,,,,,,,,,,3,3,0,0,3,0.000000
2025-09-13,N32SX,KPNE,KPNE,KPNE KVAY KPNE  ,15:10,15:28,16:10,16:25,,,1.1,1.1,0.0,0.0,0.0,0.0,0.0,0.0,0.0,0.0,0.0,0,0.00,0.0,0.0,0.00,0.00,0.00,0.00,0,,,,,,,0.0,0.0,0.0,0.0,0.0,,,,,,,,,,,,,,,,,,,,,,,,,4,1,0,0,4,0.000000
2025-09-12,N625FL,KPNE,KPNE,KPNE KPTW KDYL KPNE,22:59,23:15,00:11,00:26,,,1.3,1.3,0.0,0.7,0.0,1.3,0.0,0.0,0.0,0.0,0.0,0,63.50,0.0,0.0,0.00,0.00,0.00,0.00,0,,,,,,,0.0,0.0,0.0,0.0,0.0,,,,,,,,,,,,,,,,,,,,,,,,,1,0,0,3,3,0.000000
2025-09-12,N523LP,KPNE,KPNE,,14:00,14:13,15:29,15:44,,,1.6,1.6,0.0,0.0,0.0,0.0,0.0,0.0,0.0,0.0,0.0,0,0.00,0.0,0.0,0.00,0.00,0.00,0.00,0,,,,,,,0.0,1.6,0.0,1.1,0.0,Caleb Roop,,,,,,,,,,,,,,,,,,,,,,,,1,1,0,0,1,0.000000
2025-09-12,N523LP,KPNE,KPNE,,12:47,13:06,13:23,13:38,,,0.9,0.9,0.0,0.0,0.0,0.0,0.0,0.0,0.0,0.0,0.0,0,0.00,0.0,0.0,0.00,0.00,0.00,0.00,0,,,,,,,0.9,0.0,0.0,0.0,0.0,,,,,,,,,,,,,,,,,,,,,,,,,1,1,0,0,1,0.000000
2025-09-11,N523LP,KPNE,KPNE,,16:34,16:59,17:39,17:54,,,1.3,1.3,0.0,0.0,0.0,0.0,0.0,0.0,0.0,0.0,0.0,0,0.00,0.0,0.0,0.00,0.00,0.00,0.00,0,,,,,,,1.3,0.0,0.0,0.0,0.0,,,,,,,,,,,,,,,,,,,,,,,,,4,1,0,0,4,0.000000
2025-09-09,N523LP,KPNE,KPNE,,19:13,19:38,20:36,20:51,,,1.6,1.6,0.0,0.0,0.0,0.0,0.0,0.0,0.0,0.0,0.0,0,0.00,0.0,0.0,0.00,0.00,0.00,0.00,0,,,,,,,1.6,0.0,0.0,0.0,0.0,,,,,,,,,,,,,,,,,,,,,,,,,4,1,0,0,4,0.000000
2025-09-05,N523LP,N07,KPNE,,20:08,20:09,20:58,21:13,,,1.1,1.1,0.0,0.0,1.1,1.1,0.0,0.0,0.0,0.0,0.0,0,60.90,0.0,0.0,0.00,0.00,0.00,0.00,0,,,,,,,0.0,0.0,0.0,0.0,0.0,,,,,,,,,,,,,,,,,,,,,,,,,1,1,0,0,1,0.000000
2025-09-05,N523LP,KPNE,N07,,17:13,17:43,18:23,18:38,,,1.4,1.4,0.0,0.0,1.4,1.4,0.0,0.0,0.0,0.0,0.0,0,60.90,0.0,0.0,0.00,0.00,0.00,0.00,0,,,,,,,0.0,0.0,0.0,0.0,0.0,,,,,,,,,,,,,,,,,,,,,,,,,1,1,0,0,1,0.000000
2025-09-03,N523LP,KPNE,KPNE,,19:54,20:24,22:54,23:09,,,3.3,3.3,0.0,0.0,0.0,0.0,0.0,0.0,0.0,0.0,0.0,0,0.00,0.0,0.0,0.00,0.00,0.00,0.00,0,,,,,,,3.3,0.0,0.0,0.0,0.0,,,,,,,,,,,,,,,,,,,,,,,,,18,1,0,0,18,0.000000
2025-09-03,N523LP,KPNE,KPNE,,11:27,11:42,12:26,12:39,,,1.2,1.2,0.0,0.0,0.0,0.0,0.0,0.0,0.0,0.0,0.0,0,0.00,0.0,0.0,0.00,0.00,0.00,0.00,0,,,,,,,1.2,0.0,0.0,0.0,0.0,,,,,,,,,,,,,,,,,,,,,,,,,1,1,0,0,1,0.000000
2025-09-02,N625FL,KPNE,KPNE,KPNE KDYL KPNE,01:49,02:06,02:19,02:34,,,0.9,0.9,0.0,0.9,0.0,0.0,0.0,0.0,0.0,0.0,0.0,0,0.00,0.0,0.0,0.00,0.00,0.00,0.00,0,,,,,,,0.0,0.0,0.0,0.0,0.0,,,,,,,,,,,,,,,,,,,,,,,,,0,0,2,2,2,0.000000
2025-08-31,N625FL,KPNE,KPNE,,00:27,00:35,01:06,01:21,,,0.9,0.9,0.0,0.9,0.0,0.0,0.0,0.0,0.0,0.0,0.0,0,0.00,0.0,0.0,0.00,0.00,0.00,0.00,0,,,,,,,0.0,0.0,0.0,0.0,0.0,,,,,,,,,,,,,,,,,,,,,,,,,0,0,5,3,5,0.000000
2025-08-30,N32SX,KPNE,N07,KPNE N07 KPNE,11:13,11:16,12:01,12:16,,,2.0,2.0,0.0,0.0,0.0,2.0,0.0,0.0,0.0,0.0,0.0,0,182.70,0.0,0.0,0.00,0.00,0.00,0.00,0,,,,,,,0.0,0.0,0.0,0.0,0.0,,,,,,,,,,,,,,,,,,,,,,,,,2,2,0,0,2,0.000000
2025-08-28,N523LP,KPNE,N07,,15:36,15:56,16:34,16:49,,,1.2,1.2,0.0,0.0,1.2,1.2,0.0,0.0,0.0,0.0,0.0,0,0.00,0.0,0.0,0.00,0.00,0.00,0.00,0,,,,,,,0.0,0.0,0.0,0.0,0.0,,,,,,,,,,,,,,,,,,,,,,,,,1,1,0,0,1,0.000000
2025-08-25,N25GX,KPNE,KPNE,,22:08,22:22,23:55,00:10,,,2.0,2.0,0.0,0.0,0.0,0.0,0.0,0.0,0.0,0.0,0.0,0,0.00,0.0,0.0,0.00,0.00,0.00,0.00,0,,,,,,,2.0,0.0,0.0,0.0,0.0,,,,,,,,,,,,,,,,,,,,,,,,,1,1,0,0,1,0.000000
2025-08-23,N32SX,KPNE,26N,KPNE 26N KWWD 26N KPNE,12:31,12:35,13:13,13:28,,,3.1,3.1,0.0,0.0,0.0,3.1,0.0,0.0,0.0,0.0,0.0,0,0.00,0.0,0.0,0.00,0.00,0.00,0.00,0,,,,,,,0.0,0.0,0.0,0.0,0.0,,,,,,,,,,,,,,,,,,,,,,,,,3,3,0,0,3,0.000000
2025-08-22,N32SX,KPNE,KPNE,,23:18,23:38,00:20,00:35,,,1.3,1.3,0.0,0.3,0.0,0.0,0.0,0.0,0.0,0.0,0.0,0,0.00,0.0,0.0,0.00,0.00,0.00,0.00,0,,,,,,,1.3,0.0,0.0,0.0,0.0,,,,,,,,,,,,,,,,,,,,,,,,,1,0,0,1,1,0.000000
2025-08-10,N32SX,KMQI,KPNE,"KLNS , KPTW",,,,,,,3.0,3.0,0.0,0.0,3.0,3.0,0.0,0.0,0.0,0.0,0.0,0,315.00,0.0,0.0,0.00,0.00,0.00,0.00,0,,,,,,,0.0,0.0,0.0,0.0,0.0,,,,,,,,,"""61.129 (4) (I) PDPIC""",,,,,,,,,,,,,,,,3,3,0,0,3,254.000000
2025-08-04,N523LP,KPNE,KPNE,KPNE KDYL KPNE,18:56,19:12,19:55,20:10,,,1.2,1.2,0.0,0.0,0.0,1.2,0.0,0.0,0.0,0.0,0.0,0,31.80,0.0,0.0,0.00,0.00,0.00,0.00,0,,,,,,,1.2,0.0,0.0,0.0,0.0,,,,,,,,,,,,,,,,,,,,,,,,,2,2,0,0,2,0.000000
2025-08-02,N523LP,KPNE,KPNE,,07:13,07:27,09:27,09:42,,,2.5,2.5,0.0,1.8,0.0,2.5,0.0,0.0,0.0,0.0,0.0,0,0.00,0.0,0.0,0.00,0.00,0.00,0.00,0,,,,,,,2.5,0.0,0.0,0.0,0.0,,,,,,,,,,,,,,,,,,,,,,,,,0,1,3,2,3,0.000000
2025-08-01,N523LP,KPNE,KPNE,,01:00,01:02,01:28,01:43,,,0.7,0.7,0.0,0.7,0.0,0.0,0.0,0.0,0.0,0.0,0.0,0,0.00,0.0,0.0,0.00,0.00,0.00,0.00,0,,,,,,,0.7,0.0,0.0,0.0,0.0,,,,,,,,,,,,,,,,,,,,,,,,,0,0,1,1,1,0.000000
2025-08-01,N523LP,KPNE,KPNE,,23:38,23:52,00:31,00:46,,,1.1,1.1,0.0,0.6,0.0,0.0,0.0,0.0,0.0,0.0,0.0,0,0.00,0.0,0.0,0.00,0.00,0.00,0.00,0,,,,,,,1.1,0.0,0.0,0.0,0.0,,,,,,,,,,,,,,,,,,,,,,,,,1,0,0,1,1,0.000000
2025-07-26,N523LP,KPNE,KPNE,KPNE KVAY KPNE,11:24,11:36,12:48,13:03,,,1.7,1.7,0.0,0.0,0.0,0.0,0.0,0.0,0.0,0.0,0.0,0,0.00,0.0,0.0,0.00,0.00,0.00,0.00,0,,,,,,,1.7,0.0,0.0,0.0,0.0,,,,,,,,,,,,,,,,,,,,,,,,,4,4,0,0,5,0.000000
2025-07-26,N523LP,KPNE,KPNE,,11:23,11:36,12:48,12:55,,,1.5,1.5,0.0,0.0,0.0,0.0,0.0,0.0,0.0,0.0,0.0,0,0.00,0.0,0.0,482.50,484.00,0.00,0.00,0,,,,,,,1.5,0.0,0.0,0.0,0.0,,,,,,,,,,,,,,,,,,,,,,,,,0,0,0,0,0,0.000000
2025-07-22,N25GX,KDYL,KPNE,,13:49,13:50,14:08,14:23,,,0.6,0.6,0.0,0.0,0.0,0.0,0.0,0.0,0.0,0.0,0.0,0,0.00,0.0,0.0,0.00,0.00,0.00,0.00,0,,,,,,,0.6,0.0,0.0,0.0,0.0,,,,,,,,,,,,,,,,,,,,,,,,,1,1,0,0,1,0.000000
2025-07-22,N523LP,KPNE,KDYL,,12:32,12:53,13:13,13:28,,,0.9,0.9,0.0,0.0,0.0,0.0,0.0,0.0,0.0,0.0,0.0,0,0.00,0.0,0.0,0.00,0.00,0.00,0.00,0,,,,,,,0.9,0.0,0.0,0.0,0.0,,,,,,,,,,,,,,,,,,,,,,,,,1,1,0,0,1,0.000000
2025-07-20,N32SX,KPNE,KPNE,,23:43,00:01,00:22,00:37,,,1.0,1.0,0.0,0.0,0.0,0.0,0.0,0.0,0.0,0.0,0.0,0,0.00,0.0,0.0,0.00,0.00,0.00,0.00,0,,,,,,,1.0,0.0,0.0,0.0,0.0,,,,,,,,,,,,,,,,,,,,,,,,,2,2,0,0,2,0.000000
2025-07-20,N523LP,N07,KPNE,,17:42,17:48,18:43,18:58,,,1.3,1.3,0.0,0.0,0.0,1.3,0.0,0.0,0.0,0.0,0.0,0,60.90,0.0,0.0,0.00,0.00,0.00,0.00,0,,,,,,,1.3,0.0,0.0,0.0,0.0,,,,,,,,,,,,,,,,,,,,,,,,,1,1,0,0,1,0.000000
2025-07-18,N25GX,KPNE,KPNE,KPNE KPTW KDYL KPNE ,12:23,12:37,13:57,14:12,,,1.8,1.8,0.0,0.0,0.0,1.8,0.0,0.0,0.0,0.0,0.0,0,63.50,0.0,0.0,0.00,0.00,0.00,0.00,0,,,,,,,1.8,0.0,0.0,0.0,0.0,,,,,,,,,,,,,,,,,,,,,,,,,3,2,0,0,3,0.000000
2025-07-17,N25GX,KPNE,KPNE,,,,,,,,1.5,1.5,0.0,0.0,0.0,0.0,0.0,0.0,0.0,0.0,0.0,0,0.00,0.0,0.0,0.00,0.00,0.00,0.00,0,,,,,,,1.5,0.0,0.0,0.0,0.0,,,,,,,,,,,,,,,,,,,,,,,,,6,6,0,0,6,0.000000
2025-07-09,N291LA,N07,KPNE,,,,,,,,1.0,1.0,0.0,0.0,0.0,1.0,0.0,0.0,0.0,0.0,0.0,0,0.00,0.0,0.0,0.00,0.00,0.00,0.00,0,,,,,,,0.0,0.0,0.0,0.0,0.0,,,,,,,,,,,,,,,,,,,,,,,,,1,1,0,0,1,0.000000
2025-07-09,N523LP,KPNE,N07,,21:16,21:38,22:21,22:36,,,1.3,1.3,0.0,0.0,1.3,1.3,0.0,0.0,0.0,0.0,0.0,0,0.00,0.0,0.0,0.00,0.00,0.00,0.00,0,,,,,,,0.0,0.0,0.0,0.0,0.0,,,,,,,,,,,,,,,,,,,,,,,,,1,1,0,0,1,0.000000
2025-07-06,N625FL,KPNE,KPNE,KPNE KUKT KPNE,22:22,22:33,23:18,23:33,,,1.2,1.2,0.0,0.0,0.0,1.2,0.0,0.0,0.0,0.0,0.0,0,54.40,0.0,0.0,0.00,0.00,0.00,0.00,0,,,,,,,0.0,0.0,0.0,0.0,0.0,,,,,,,,,,,,,,,,,,,,,,,,,2,2,0,0,2,0.000000
2025-07-06,N32SX,KPNE,KPNE,KPNE N07 KPNE,14:55,15:25,16:11,16:26,,,2.4,2.4,0.0,0.0,0.0,2.4,0.0,0.0,0.0,0.0,0.0,0,121.80,0.0,0.0,0.00,0.00,0.00,0.00,0,,,,,,,0.0,0.0,0.0,0.0,0.0,,,,,,,,,,,,,,,,,,,,,,,,,2,2,0,0,2,0.000000
2025-07-05,N523LP,KPNE,KPNE,,11:06,11:31,12:20,12:35,,,1.1,1.1,0.0,0.0,0.0,0.0,0.0,0.0,0.0,0.0,0.0,0,0.00,0.0,0.0,0.00,0.00,0.00,0.00,0,,,,,,,0.0,1.1,0.0,0.0,0.0,,,,,,,,,,,,,,,,,,,,,,,,,1,1,0,0,1,0.000000
2025-07-04,N523LP,KPNE,KPNE,,17:31,18:01,18:21,18:36,,,1.0,1.0,0.0,0.0,0.0,0.0,0.0,0.0,0.0,0.0,0.0,0,0.00,0.0,0.0,0.00,0.00,0.00,0.00,0,,,,,,,1.0,0.0,0.0,0.0,0.0,,,,,,,,,,,,,,,,,,,,,,,,,1,1,0,0,1,0.000000
2025-07-04,N291LA,26N,KPNE,,13:37,13:43,14:26,14:41,,,1.1,1.1,0.0,0.0,0.0,1.1,0.0,0.0,0.0,0.0,0.0,0,52.50,0.0,0.0,0.00,0.00,0.00,0.00,0,,,,,,,0.0,0.0,0.0,0.0,0.0,,,,,,,,,,,,,,,,,,,,,,,,,1,1,0,0,1,0.000000
2025-07-04,N523LP,KPNE,26N,KPNE 26N KPNE,11:26,11:41,12:48,13:03,,,2.7,2.7,0.0,0.0,0.0,2.7,0.0,0.0,0.0,0.0,0.0,0,157.50,0.0,0.0,0.00,0.00,0.00,0.00,0,,,,,,,2.7,0.0,0.0,0.0,0.0,,,,,,,,,,,,,,,,,,,,,,,,,6,6,0,0,6,0.000000
2025-07-03,N523LP,KPNE,KPNE,KPNE KWWD KPNE,17:46,17:56,20:38,20:53,,,3.1,3.1,0.0,0.0,0.0,3.1,0.0,0.0,0.0,0.0,0.0,0,129.10,0.0,0.0,0.00,0.00,0.00,0.00,0,,,,,,,3.1,0.0,0.0,0.0,0.0,,,,,,,,,,,,,,,,,,,,,,,,,2,2,0,0,2,0.000000
2025-07-02,N523LP,KPNE,KPNE,,00:10,00:40,02:01,02:16,,,2.1,2.1,0.0,1.2,0.0,0.0,0.0,0.0,0.0,0.0,0.0,0,0.00,0.0,0.0,0.00,0.00,0.00,0.00,0,,,,,,,2.1,0.0,0.0,0.0,0.0,,,,,,,,,,,,,,,,,,,,,,,,,4,4,3,3,7,0.000000
2025-06-29,N523LP,KPNE,KPNE,KPNE KLOM KPNE,14:28,14:36,15:13,15:28,,,1.0,1.0,0.0,0.0,0.0,0.0,0.0,0.0,0.0,0.0,0.0,0,0.00,0.0,0.0,0.00,0.00,0.00,0.00,0,,,,,,,0.0,0.0,0.0,0.0,0.0,,,,,,,,,,,,,,,,,,,,,,,,,2,2,0,0,2,0.000000
2025-06-25,N523LP,KPNE,KPNE,,20:31,20:51,22:28,22:43,,,2.2,2.2,0.0,0.0,2.2,0.0,0.0,0.0,0.0,0.0,0.0,0,0.00,0.0,0.0,0.00,0.00,0.00,0.00,0,,,,,,,2.2,0.0,0.0,0.0,0.0,,,,,,,,,,,,,,,,,,,,,,,,,1,1,0,0,1,0.000000
2025-06-24,N523LP,KPNE,KPNE,KPNE KSBY KPNE ,01:20,01:30,04:04,04:19,,,3.0,3.0,0.0,3.0,0.0,3.0,0.0,0.0,0.0,0.0,0.0,0,214.00,0.0,0.0,0.00,0.00,0.00,0.00,0,,,,,,,0.0,3.0,0.0,0.0,0.0,Jude Laughlin,"""Flight to satisfy 61.129(a)(3)(iv). Instruction received on night xc operations and planning, visual illusions, traffic pattern entries, ATC flight following procedures, as well as operation of the Garmin G3X """,Jude Laughlin;Instructor;jude.laughlin@gmail.com;,,,,,,"""Night XC for CPL""",,,,,,,,,,,,,,,,0,0,2,2,2,0.000000
2025-06-23,N523LP,KPNE,KPNE,,00:02,00:12,01:16,01:31,,,1.5,1.5,0.0,0.5,,,0.0,0.0,0.0,0.0,0.0,0,0.00,0.0,0.0,0.00,0.00,0.00,0.00,0,,,,,,,1.5,,0.0,0.0,0.0,,,,,,,,,,,,,,,,,,,,,,,,,1,,2,3,3,0.000000
2025-06-22,N25GX,KPNE,KPNE,,,,,,,,1.0,1.0,0.0,0.0,0.0,0.0,0.0,0.0,0.0,0.0,0.0,0,0.00,0.0,0.0,0.00,0.00,0.00,0.00,0,,,,,,,0.0,0.0,0.0,0.0,0.0,,,,,,,,,,,,,,,,,,,,,,,,,3,3,0,0,3,0.000000
2025-06-21,N625FL,KPNE,KPNE,,15:07,15:18,16:01,16:16,,,1.2,1.2,0.0,0.0,0.0,0.0,0.0,0.0,0.0,0.0,0.0,0,0.00,0.0,0.0,0.00,0.00,0.00,0.00,0,,,,,,,0.0,0.0,0.0,0.0,0.0,,,,,,,,,,,,,,,,,,,,,,,,,5,5,0,0,1,0.000000
2025-06-21,N523LP,KPNE,KPNE,,12:11,12:29,13:26,13:41,,,1.4,1.4,0.0,0.0,0.0,0.0,0.0,0.0,0.0,0.0,0.0,0,0.00,0.0,0.0,0.00,0.00,0.00,0.00,0,,,,,,,0.0,1.4,0.0,0.0,0.0,,,,,,,,,,,,,,,,,,,,,,,,,1,1,0,0,1,0.000000
2025-06-19,N523LP,KPNE,KPNE,KPNE KWWD KPNE,13:26,13:49,15:52,16:07,,,2.7,2.7,0.0,0.0,0.0,2.7,0.0,0.0,0.0,0.0,0.0,0,129.10,0.0,0.0,0.00,0.00,0.00,0.00,0,,,,,,,2.7,0.0,0.0,0.0,0.0,,,,,,,,,,,,,,,,,,,,,,,,,2,2,0,0,2,0.000000
2025-06-13,N523LP,KWWD,KPNE,,17:15,17:15,18:07,18:22,,,1.1,1.1,0.0,0.0,0.0,1.1,0.0,0.0,0.0,0.0,0.0,0,0.00,0.0,0.0,0.00,0.00,0.00,0.00,0,,,,,,,1.1,0.0,0.0,0.0,0.0,,,,,,,,,,,,,,,,,,,,,,,,,1,1,0,0,1,0.000000
2025-06-13,N523LP,KPNE,KWWD,,15:09,15:39,16:52,17:07,,,2.0,2.0,0.0,0.0,0.0,2.0,0.0,0.0,0.0,0.0,0.0,0,0.00,0.0,0.0,0.00,0.00,0.00,0.00,0,,,,,,,2.0,,0.0,0.0,0.0,,,,,,,,,,,,,,,,,,,,,,,,,1,1,0,0,1,0.000000
2025-06-13,N523LP,KPNE,KPNE,,11:28,11:46,12:49,13:04,,,1.6,1.6,0.0,0.0,0.0,0.0,0.0,0.0,0.0,0.0,0.0,0,0.00,0.0,0.0,0.00,0.00,0.00,0.00,0,,,,,,,1.6,0.0,0.0,0.0,0.0,,,,,,,,,,,,,,,,,,,,,,,,,2,2,0,0,2,0.000000
2025-06-12,N523LP,KPNE,KPNE,"KPNE, KVAY, KPNE",12:28,12:41,13:56,14:11,,,1.7,1.7,0.0,0.0,0.0,0.0,0.0,0.0,0.0,0.0,0.0,0,0.00,0.0,0.0,0.00,0.00,0.00,0.00,0,,,,,,,1.7,0.0,0.0,0.0,0.0,,,,,,,,,,,,,,,,,,,,,,,,,2,2,0,0,2,0.000000
2025-06-11,N523LP,KPNE,KPNE,"KPNE, KDYL, KPNE",11:25,11:55,12:47,13:02,,,1.6,1.6,0.0,0.0,,,0.0,0.0,0.0,0.0,0.0,0,0.00,0.0,0.0,0.00,0.00,0.00,0.00,0,,,,,,,1.6,,0.0,0.0,0.0,,,,,,,,,,,,,,,,,,,,,,,,,2,2,0,0,2,0.000000
2025-06-06,N523LP,KPNE,KPNE,,,,,,,,2.0,2.0,0.0,0.0,0.0,2.0,0.0,0.0,0.0,0.0,0.0,0,0.00,0.0,0.0,0.00,0.00,0.00,0.00,0,,,,,,,2.0,0.0,0.0,0.0,0.0,,,,,,,,,,,,,,,,,,,,,,,,,1,1,0,0,0,0.000000
2025-06-04,N523LP,KPNE,KPNE,KPNE CYN KMJX KPNE,20:45,21:01,21:31,21:46,,,1.8,1.8,0.0,0.0,0.0,1.8,0.0,0.0,0.0,0.0,0.0,0,0.00,0.0,0.0,0.00,0.00,0.00,0.00,0,,,,,,,1.8,0.0,0.0,0.0,0.0,,,,,,,,,,,,,,,,,,,,,,,,,2,2,0,0,1,0.000000
2025-06-04,N523LP,KPNE,KPNE,KPNE KVAY KPNE,18:48,19:14,20:04,20:19,,,1.5,1.5,0.0,0.0,1.5,1.5,0.0,0.0,0.0,0.0,0.0,0,23.80,0.0,0.0,0.00,0.00,0.00,0.00,0,,,,,,,1.5,0.0,0.0,0.0,0.0,,,,,,,,,,,,,,,,,,,,,,,,,5,5,0,0,2,0.000000
2025-06-03,N523LP,KPNE,KPNE,,18:31,18:39,19:23,19:38,,,1.0,1.0,0.0,0.0,0.0,0.0,0.0,0.0,0.0,0.0,0.0,0,0.00,0.0,0.0,0.00,0.00,0.00,0.00,0,,,,,,,1.0,0.0,0.0,0.0,0.0,,,,,,,,,,,,,,,,,,,,,,,,,1,1,0,0,1,0.000000
2025-06-02,N523LP,KPNE,KPNE,,,,,,,,1.0,1.0,,,,,,,,,,,,,,,,,,,,,,,,,1.0,,,,,,,,,,,,,,,,,,,,,,,,,,,,,1,1,,,1,
2025-06-01,N523LP,KPNE,KPNE,,11:07,11:22,12:28,12:43,,,1.5,1.5,0.0,0.0,1.6,1.6,0.0,0.0,0.0,0.0,0.0,0,0.00,0.0,0.0,0.00,0.00,0.00,0.00,0,,,,,,,1.5,1.6,0.0,0.0,0.0,,,,,,,,,,,,,,,,,,,,,,,,,1,1,0,0,1,0.000000
2025-05-27,N523LP,KPNE,KPNE,,,,,,,,1.1,1.1,0.0,0.0,0.0,0.0,0.0,0.0,0.0,0.0,0.0,0,0.00,0.0,0.0,0.00,0.00,0.00,0.00,0,,,,,,,0.0,1.1,0.0,0.0,0.0,,,,,,,,,,,,,,,,,,,,,,,,,2,2,0,0,0,0.000000
2025-05-26,N523LP,KPNE,KPNE,"KPNE, KPTW, KPNE",,,,,,,1.5,1.5,0.0,0.0,0.0,1.5,0.0,0.0,0.0,0.0,0.0,0,0.00,0.0,0.0,0.00,0.00,0.00,0.00,0,,,,,,,1.5,0.0,0.0,0.0,0.0,,,,,,,,,,,,,,,,,,,,,,,,,2,2,0,0,0,0.000000
2025-05-23,N523LP,KPNE,KPNE,,,,,,,,1.8,1.8,,,,,,,,,,,,,,,,,,,,,,,,,,1.8,,,,,,,,,,,,,,,,,,,,,,,,,,,,3,3,,,3,
2025-05-12,N523LP,KPNE,KPNE,"KPNE, KDYL, KPNE",,,,,,,1.4,1.4,,,,,,,,,,,,,,,,,,,,,,,,,,,,,,,,,,,,,,,,,,,,,,,,,,,,,,4,4,,,4,
2025-05-11,N523LP,KPNE,KPNE,,,,,,,,1.6,1.6,,,,,,,,,,,,,,,,,,,,,,,,,,1.6,,,,,,,,,,,,,,,,,,,,,,,,,,,,5,5,,,5,
2025-05-11,N523LP,KPNE,KPNE,,,,,,,,1.2,1.2,,,,,,,,,,,,,,,,,,,,,,,,,1.2,,,,,,,,,,,,,,,,,,,,,,,,,,,,,4,4,,,4,
2025-05-08,N523LP,KPNE,KPNE,,,,,,,,2.1,2.1,,,,,,,,,,,,,,,,,,,,,,,,,,2.1,,,,,,,,,,,,,,,,,,,,,,,,,,,,3,3,,,3,
2025-05-04,N523LP,KPNE,KPNE,,,,,,,,1.0,1.0,,,,,,,,,,,,,,,,,,,,,,,,,1.0,,,,,,,,,,,,,,,,,,,,,,,,,,,,,2,2,,,2,
2025-04-23,N523LP,KPNE,KPNE,,,,,,,,1.0,1.0,,,,,,,,,,,,,,,,,,,,,,,,,1.0,,,,,,,,,,,,,,,,,,,,,,,,,,,,,1,,,,,
2025-04-23,N523LP,KPNE,KPNE,,,,,,,,1.0,1.0,,,,,,,,,,,,,,,,,,,,,,,,,1.0,,,,,,,,,,,,,,,,,,,,,,,,,,,,,3,3,,,3,
2025-04-18,N523LP,KPNE,KPNE,"KPNE, KDYL, KVAY, KMJX, KPNE",,,,,,,2.5,2.5,,,,2.5,,,,,,,,,,,,,,,1;RNAV (GPS) RWY 06;06;KMJX;;,1;ILS OR LOC RWY 24;24;KPNE;;,,,,,2.5,,,,,,,,,,,,,,,,,,,,,,,,,,,,,4,4,,,4,0.000000
2025-04-17,N523LP,KPNE,KPNE,,,,,,,,0.9,0.9,,,,,,,,,,,,,,,,,,,,,,,,,0.9,,,,,,,,,,,,,,,,,,,,,,,,,,,,,1,1,,,1,
2025-04-17,N523LP,KPNE,KPNE,,,,,,,,1.4,1.4,,,,,,,,,,,,,1.2,,,,,,,,,,,,,1.4,,,,,,,,,,,,,,,,,,,,,,,,,,,,1,1,,,1,
2025-04-15,N523LP,KPNE,KPNE,,,,,,,,1.4,1.4,,,,,,,,,,,,,1.0,,,,,,,,,,,,,1.4,,,,,,,,,,,,,,,,,,,,,,,,,,,,1,1,,,1,
2025-04-10,N523LP,KPNE,KPNE,,,,,,,,2.3,2.3,,,,,,,,,,,,,2.0,,,,,,,,,,,,,2.3,,,,,,,,,,,,,,,,,,,,,,,,,,,,1,1,,,1,0.000000
2025-04-06,N523LP,KPNE,KPNE,,,,,,,,1.4,1.4,,,,,,,,,,,,,,,,,,,,,,,,,1.4,,,,,,,,,,,,,,,,,,,,,,,,,,,,,1,,5,3,3,
2025-04-04,N523LP,KPNE,KPNE,,23:51,00:06,01:11,01:26,,,1.5,1.5,0.0,1.5,0.0,0.0,0.0,0.0,0.0,0.0,0.0,0,0.00,0.0,0.0,0.00,0.00,0.00,0.00,0,,,,,,,1.5,0.0,0.0,0.0,0.0,,,,,,,,,,,,,,,,,,,,,,,,,1,0,4,5,5,
2025-04-02,N523LP,KPNE,KPNE,,,,,,,,1.2,1.2,,,,,,,,,,,,,,,,,,,,,,,,,1.2,,,,,,,,,,,,,,,,,,,,,,,,,,,,,1,1,,,1,
2025-03-26,N523LP,KPNE,KPNE,,,,,,,,1.3,1.3,,,,,,,,,,,,,1.0,,,,,,,,,,,,,1.3,,,,,,,,,,,,,,,,,,,,,,,,,,,,1,1,,,1,
2025-03-25,N523LP,KPNE,KPNE,,,,,,,,1.3,1.3,,,,,,,,,,,,,1.0,,,,,,,,,,,,,1.3,,,,,,,,,,,,,,,,,,,,,,,,,,,,1,1,,,1,
2025-03-23,N625FL,KPNE,KPNE,,,,,,,,0.7,0.7,,,,,,,,,,,,,,,,,,,,,,,,,,,,,,,,,,,,,,,,,,,,,,,,,,,,,,1,1,,,1,
2025-03-23,N523LP,KPNE,KPNE,,,,,,,,1.0,1.0,,,,,,,,,,,,,,,,,,,,,,,,,1.0,,,,,,,,,,,,,,,,,,,,,,,,,,,,,1,1,,,1,
2025-03-22,N523LP,KPNE,KPNE,KSBY KLNS ,11:05,11:19,12:57,13:12,,,4.8,4.8,0.0,0.0,,4.8,0.0,0.0,0.0,0.0,0.0,0,279.00,0.0,4.0,0.00,0.00,0.00,0.00,0,1;VOR RWY 31;31;KLNS;;,1;RNAV (GPS) RWY 23;23;KSBY;107 nm;,1;ILS OR LOC RWY 24;24;KPNE;;,,,,,4.8,0.0,0.0,0.0,Caleb Roop,,,,,,,,"""61.129 (3iii) 100nm dual instruction """,,,,,,,,,,,,,,,,3,3,0,0,3,107.000000
2025-03-21,N523LP,KPNE,KPNE,,,,,,,,1.0,1.0,,,,,,,,,,,,,,,,,,,,,,,,,1.0,,,,,,,,,,,,,,,,,,,,,,,,,,,,,,,3,3,3,
2025-03-19,N625FL,KPNE,KPNE,,,,,,,,1.4,1.4,,,,,,,,,,,,,1.2,,,,,,,,,,,,,1.4,,,,,,,,,,,,,,,,,,,,,,,,,,,,1,1,,1,2,
2025-03-14,N625FL,KPNE,KPNE,,,,,,,,1.4,1.4,,,,,,,,,,,,,,,,,,,,,,,,,,,,,,,,,,,,,,,,,,,,,,,,,,,,,,3,3,,,3,
2025-03-13,N523LP,KPNE,KPNE,,,,,,,,2.2,2.2,,,,,,,,,,,,,1.9,,,,,,,,,,,,,2.2,,,,,,,,,,,,,,,,,,,,,,,,,,,,1,1,,,11,
2025-03-12,N523LP,KPNE,KPNE,,,,,,,,1.2,1.2,,,,,,,,,,,,,1.0,,,,,,,,,,,,,1.2,,,,,,,,,,,,,,,,,,,,,,,,,,,,1,1,,,1,
2025-03-11,N523LP,KPNE,KPNE,,,,,,,,1.3,1.3,,,,,,,,,,,,,,,,,,,,,,,,,,1.3,,,,,,,,,,,,,,,,,,,,,,,,,,,,1,1,,,1,
2025-03-10,N523LP,KPNE,KPNE,,,,,,,,1.5,1.5,,,,,,,,,,,,,,,,,,,,,,,,,1.5,,,,,,,,,,,,,,,,,,,,,,,,,,,,,,,3,3,3,
2025-03-10,N523LP,KPNE,KPNE,,,,,,,,2.7,2.7,,,,,,,,,,,,,2.2,,,,,,,,,,,,,2.7,,,,,,,,,,,,,,,,,,,,,,,,,,,,1,1,,,1,0.000000
2025-03-09,N32SX,KPNE,KPNE,,,,,,,,1.6,1.6,0.0,0.0,0.0,0.0,0.0,0.0,0.0,0.0,0.0,0,0.00,0.0,0.0,0.00,0.00,0.00,0.00,0,,,,,,,0.0,0.0,0.0,0.0,0.0,,,,,,,,,,,,,,,,,,,,,,,,,1,1,0,0,1,
2025-02-28,N523LP,KPNE,KPNE,KPNE KVAY KPNE,,,,,,,0.9,0.9,0.0,0.0,0.0,0.0,0.0,0.0,0.0,0.0,0.0,0,0.00,0.0,0.0,0.00,0.00,0.00,0.00,0,,,,,,,0.9,0.0,0.0,0.0,0.0,,,,,,,,,,,,,,,,,,,,,,,,,0,0,0,0,0,
2025-02-23,N523LP,KPNE,KPNE,,,,,,,,1.1,1.1,,,,,,,,,,,,,,,,,,,,,,,,,1.1,,,,,,,,,,,,,,,,,,,,,,,,,,,,,1,1,,,1,
2025-02-23,N523LP,KPNE,KPNE,,,,,,,,1.4,1.4,,,,,,,,,,,,,,,,,,,,,,,,,1.4,,,,,,,,,,,,,,,,,,,,,,,,,,,,,3,3,,,3,
2025-02-22,N523LP,KPNE,KPNE,,,,,,,,0.7,0.7,,,,,,,,,,,,,,,,,,,,,,,,,0.7,,,,,,,,,,,,,,,,,,,,,,,,,,,,,1,1,,,1,
2025-02-22,N523LP,KPNE,KPNE,,,,,,,,2.4,2.4,,,,2.4,,,,,,,,,,,,,,,,,,,,,2.4,,,,,,,,,,,,,,,,,,,,,,,,,,,,,2,2,,,22,
2025-02-20,N523LP,KPNE,KPNE,,,,,,,,2.4,2.4,,,,,,,,,,,,,2.0,,,,,,,,,,,,,2.4,,,,,,,,,,,,,,,,,,,,,,,,,,,,2,2,,,2,
2025-02-15,N523LP,KPNE,KPNE,,,,,,,,2.8,2.8,,,,2.8,,,,,,,,,,,,,,,,,,,,,2.8,,,,,,,,,,,,,,,,,,,,,,,,,,,,,2,2,,,2,0.000000
2025-02-10,N80213,KHWO,KHWO,,14:21,14:34,16:24,16:39,,,2.3,2.3,0.0,0.0,2.3,2.3,0.0,0.0,0.0,0.0,0.0,0,0.00,0.0,0.0,0.00,0.00,0.00,0.00,0,,,,,,,,,0.0,0.0,0.0,,,,,,,,,,,,,,,,,,,,,,,,,4,4,0,0,4,
2025-02-05,N523LP,KPNE,KPNE,,,,,,,,1.0,1.0,,,,,,,,,,,,,,,,,,,,,,,,,1.0,,,,,,,,,,,,,,,,,,,,,,,,,,,,,4,4,,,4,
2025-02-05,N523LP,KPNE,KPNE,,12:28,12:45,13:19,13:34,,,1.1,1.1,0.0,0.0,1.1,1.1,0.0,0.0,0.0,0.0,0.0,0,0.00,0.0,0.0,0.00,0.00,0.00,0.00,0,,,,,,,1.1,1.1,0.0,0.0,0.0,,,,,,,,,,,,,,,,,,,,,,,,,4,2,0,0,4,
2025-02-02,N523LP,KPNE,KPNE,,,,,,,,1.3,1.3,,,,,,,,,,,,,,,,,,,,,,,,,1.3,,,,,,,,,,,,,,,,,,,,,,,,,,,,,1,1,,,1,
2025-01-30,N523LP,KPNE,KPNE,,,,,,,,3.5,3.5,,,,,,,,,,,,,3.0,,,,,,,,,,,,,3.5,,,,,,,,,,,,,,,,,,,,,,,,,,,,1,1,,,1,
2025-01-26,N523LP,KPNE,KPNE,,,,,,,,1.3,1.3,,,,,,,,,,,,,,,,,,,,,,,,,1.3,,,,,,,,,,,,,,,,,,,,,,,,,,,,,1,1,,,1,
2025-01-25,N523LP,KPNE,KPNE,,,,,,,,1.7,1.7,,,,1.7,,,,,,,,,,,,,,,,,,,,,1.7,,,,,,,,,,,,,,,,,,,,,,,,,,,,,,,,,,
2025-01-25,N523LP,KPNE,KPNE,,,,,,,,1.4,1.4,,,,1.4,,,,,,,,,,,,,,,,,,,,,1.4,,,,,,,,,,,,,,,,,,,,,,,,,,,,,8,8,,,8,
2025-01-24,N523LP,KPNE,KPNE,,,,,,,,1.9,1.9,,,,1.9,,,,,,,,,,,,,,,,,,,,,1.9,,,,,,,,,,,,,,,,,,,,,,,,,,,,,2,2,,,2,
2025-01-24,N523LP,KPNE,KPNE,,,,,,,,1.7,1.7,,,,1.7,,,,,,,,,,,,,,,,,,,,,1.7,,,,,,,,,,,,,,,,,,,,,,,,,,,,,2,2,,,2,
2025-01-24,N523LP,KPNE,KPNE,,,,,,,,2.2,2.2,,,,,,,,,,,,,2.0,,,,,,,,,,,,,2.2,,,,,,,,,,,,,,,,,,,,,,,,,,,,1,1,,,1,
2025-01-23,N523LP,KPNE,KPNE,,,,,,,,2.5,2.5,,,,,,,,,,,,,2.2,,,,,,,,,,,,,2.5,,,,,,,,,,,,,,,,,,,,,,,,,,,,1,1,,,1,
2025-01-22,N523LP,KPNE,KPNE,,,,,,,,2.3,2.3,,,,2.3,,,,,,,,,,,,,,,,,,,,,2.3,,,,,,,,,,,,,,,,,,,,,,,,,,,,,2,2,,,2,
2025-01-19,N523LP,KPNE,KPNE,,,,,,,,1.1,1.1,,,,,,,,,,,,,,,,,,,,,,,,,1.1,,,,,,,,,,,,,,,,,,,,,,,,,,,,,5,5,,,5,
2025-01-19,N523LP,KPNE,KPNE,,,,,,,,1.1,1.1,,,,,,,,,,,,,,,,,,,,,,,,,1.1,,,,,,,,,,,,,,,,,,,,,,,,,,,,,1,1,,,1,
2025-01-18,N523LP,KPNE,KPNE,,,,,,,,1.2,1.2,,,,,,,,,,,,,,,,,,,,,,,,,1.2,,,,,,,,,,,,,,,,,,,,,,,,,,,,,1,1,,,1,
2025-01-16,N523LP,KPNE,KPNE,,,,,,,,1.0,1.0,,,,,,,,,,,,,,,,,,,,,,,,,1.0,,,,,,,,,,,,,,,,,,,,,,,,,,,,,1,1,,,1,
2025-01-14,N523LP,KPNE,KPNE,,,,,,,,1.6,1.6,,,,,,,,,,,,,1.0,,,,,,,,,,,,,1.6,,,,,,,,,,,,,,,,,,,,,,,,,,,,1,1,,,1,
2025-01-13,N523LP,KPNE,KPNE,,23:30,23:32,23:32,23:47,,,1.2,1.2,0.0,0.0,0.3,1.2,0.0,0.0,0.0,0.0,0.0,0,0.00,0.0,0.0,0.00,0.00,0.00,0.00,0,,,,,,,1.2,,0.0,0.0,,,,,,,,,,,,,,,,,,,,,,,,,,1,0,0,1,1,
2025-01-06,N523LP,,KMJX,,,,,,,,0.8,0.8,,,,0.8,,,,,,,,,,,,,,,,,,,,,,,,,,,,,,,,,,,,,,,,,,,,,,,,,,1,1,,,1,
2024-12-25,N523LP,KPNE,KPNE,,,,,,,,1.1,1.1,0.0,1.1,1.1,,0.0,0.0,0.0,0.0,0.0,0,0.00,0.0,0.0,0.00,0.00,0.00,0.00,0,,,,,,,0.0,0.0,0.0,0.0,0.0,,,,,,,,,,,,,,,,,,,,,,,,,0,0,3,3,3,
2024-12-23,N523LP,KPNE,KPNE,"KPNE,KDYL,KPNE",,,,,,,1.8,1.8,0.0,0.0,0.0,0.6,0.0,0.0,0.0,0.0,0.0,0,0.00,0.0,0.0,0.00,0.00,0.00,0.00,0,,,,,,,1.8,1.8,0.0,0.0,,,,Alexandr Kislitsyn;Student;;,,,,,,,,,,,,,,,,,,,,,,4,4,1,1,5,
2024-12-20,N523LP,KPNE,KPNE,"KPNE, KDYL,KPNE",,,,,,,1.6,1.6,0.0,0.0,0.0,1.6,0.0,0.0,0.0,0.0,0.0,0,0.00,0.0,0.0,0.00,0.00,0.00,0.00,0,,,,,,,1.6,0.0,0.0,0.0,0.0,,,Arthur Bailey;Student;;,,,,,,,,,,,,,,,,,,,,,,5,5,0,0,5,
2024-12-18,N523LP,KPNE,KPNE,,,,,,,,1.5,1.5,0.0,0.0,0.0,0.0,0.0,0.0,0.0,0.0,0.0,0,0.00,0.0,0.0,0.00,0.00,0.00,0.00,0,,,,,,,1.5,0.0,0.0,0.0,,,,Eugene Sheridan;Student;;,,,,,,,,,,,,,,,,,,,,,,5,5,0,0,6,
2024-12-14,N523LP,KPNE,KPNE,,,,,,,,1.2,1.2,0.0,0.0,0.0,0.0,0.0,0.0,0.0,0.0,0.0,0,0.00,0.0,0.0,0.00,0.00,0.00,0.00,0,,,,,,,1.2,0.0,0.0,0.0,0.0,,,Paul Doran;Student;;,,,,,,,,,,,,,,,,,,,,,,4,4,0,0,4,
2024-12-13,N523LP,KPNE,KWWD,"KPNE,KWWD,KPNE",,,,,,,2.5,2.5,0.0,0.0,0.0,2.5,0.0,0.0,0.0,0.0,0.0,0,129.00,0.0,0.0,172.60,0.00,0.00,0.00,0,,,,,,,2.5,0.0,0.0,0.0,0.0,,,Arthur Bailey;Student;;,,,,,,,,,,,,,,,,,,,,,,2,2,0,0,2,
2024-12-04,N523LP,KPNE,KPNE,,,,,,,,1.3,1.3,0.0,0.0,0.0,1.3,0.0,0.0,0.0,0.0,0.0,0,0.00,0.0,0.0,171.60,172.60,0.00,0.00,0,,,,,,,1.3,0.0,0.0,0.0,0.0,,,,,,,,,"""Alexandr Kislitsyn, normal t/l, radio, pattern""",,,,,,,,,,,,,,,,3,3,0,0,3,
2024-12-01,N523LP,KPNE,KPNE,,,,,,,,1.2,1.2,,,,,,,,,,,,,,,,,,,,,,,,,1.2,,,,,,,,,,,,,,,,,,,,,,,,,,,,,2,2,,,2,
2024-12-01,N523LP,KPNE,KPNE,,,,,,,,1.6,1.6,,,,,,,,,,,,,,,,,,,,,,,,,1.6,,,,,,,,,,,,,,,,,,,,,,,,,,,,,5,5,,,5,
2024-11-30,N523LP,KPNE,KPNE,,,,,,,,1.0,1.0,,,,,,,,,,,,,,,,,,,,,,,,,1.0,,,,,,,,,,,,,,,,,,,,,,,,,,,,,1,1,,,1,
2024-11-30,N523LP,KPNE,KPNE,,,,,,,,1.0,1.0,,,1.0,,,,,,,,,,,,,,,,,,,,,,1.0,,,,,,,,,,,,,,,,,,,,,,,,,,,,,,,3,3,3,
2024-11-27,N625FL,KPNE,KPNE,,,,,,,,1.0,1.0,,1.0,1.0,,,,,,,,,,,,,,,,,,,,,,1.0,,,,,,,,,,,,,,,,,,,,,,,,,,,,,,,4,4,4,
2024-11-27,N523LP,KPNE,KPNE,,,,,,,,1.1,1.1,,,,,,,,,,,,,,,,,,,,,,,,,1.1,,,,,,,,,,,,,,,,,,,,,,,,,,,,,1,1,,,1,
2024-11-27,N523LP,KPNE,KPNE,,,,,,,,1.4,1.4,,,,,,,,,,,,,,,,,,,,,,,,,1.4,,,,,,,,,,,,,,,,,,,,,,,,,,,,,5,5,,,5,
2024-11-20,N523LP,KPNE,KPNE,,,,,,,,1.4,1.4,,,,,,,,,,,,,,,,,,,,,,,,,1.4,,,,,,,,,,,,,,,,,,,,,,,,,,,,,7,7,,,7,
2024-11-20,N32SX,KPNE,KPNE,,,,,,,,1.4,1.4,,,,,,,,,,,,,,,,,,,,,,,,,1.4,,,,,,,,,,,,,,,,,,,,,,,,,,,,,4,4,,,4,
2024-11-17,N32SX,KPNE,,,,,,,,,2.0,2.0,,,,2.0,,,,,,,,,,,,,,,,,,,,,,,,,,,,,,,,,,,,,,,,,,,,,,,,,,2,2,,,2,
2024-11-16,N523LP,KPNE,KPNE,,,,,,,,0.8,0.8,,,,,,,,,,,,,,,,,,,,,,,,,0.8,,,,,,,,,,,,,,,,,,,,,,,,,,,,,1,1,,,1,
2024-11-15,N523LP,KPNE,KPNE,,,,,,,,1.4,1.4,,,,,,,,,,,,,,,,,,,,,,,,,1.4,,,,,,,,,,,,,,,,,,,,,,,,,,,,,2,2,,,2,
2024-11-14,N523LP,KPNE,KPNE,,,,,,,,1.2,1.2,,,,,,,,,,,,,,,,,,,,,,,,,1.2,,,,,,,,,,,,,,,,,,,,,,,,,,,,,5,5,,,5,
2024-11-13,N523LP,KPNE,KPNE,,,,,,,,2.5,2.5,,0.5,,2.5,,,,,,,,,,,,,,,,,,,,,2.5,,,,,,,,,,,,,,,,,,,,,,,,,,,,,6,5,,1,6,
2024-11-10,N625FL,KPNE,KPNE,,,,,,,,0.8,0.8,,0.8,,,,,,,,,,,,,,,,,,,,,,,0.8,,,,,,,,,,,,,,,,,,,,,,,,,,,,,,,5,5,5,
2024-11-10,N523LP,KPNE,KPNE,,,,,,,,1.1,1.1,,,,,,,,,,,,,,,,,,,,,,,,,1.1,,,,,,,,,,,,,,,,,,,,,,,,,,,,,1,1,,,1,
2024-11-10,N523LP,KPNE,KPNE,,,,,,,,1.0,1.0,,,,,,,,,,,,,,,,,,,,,,,,,1.0,,,,,,,,,,,,,,,,,,,,,,,,,,,,,2,2,,,2,
2024-11-09,N523LP,KPNE,KPNE,,,,,,,,1.6,1.6,,,,1.6,,,,,,,,,,,,,,,,,,,,,1.6,,,,,,,,,,,,,,,,,,,,,,,,,,,,,2,2,,,2,
2024-11-08,N523LP,KPNE,KPNE,,,,,,,,1.5,1.5,,,,,,,,,,,,,,,,,,,,,,,,,1.5,,,,,,,,,,,,,,,,,,,,,,,,,,,,,1,1,,,1,
2024-11-07,N523LP,KPNE,KPNE,,,,,,,,1.3,1.3,,,,,,,,,,,,,,,,,,,,,,,,,1.3,,,,,,,,,,,,,,,,,,,,,,,,,,,,,1,1,,,1,
2024-11-06,N523LP,KPNE,KPNE,,,,,,,,1.5,1.5,,1.5,,,,,,,,,,,,,,,,,,,,,,,1.5,,,,,,,,,,,,,,,,,,,,,,,,,,,,,,,5,5,5,
2024-11-03,N523LP,KPNE,KPNE,,,,,,,,1.5,1.5,,,,1.5,,,,,,,,,,,,,,,,,,,,,1.5,,,,,,,,,,,,,,,,,,,,,,,,,,,,,4,4,,,4,
2024-11-03,N523LP,KPNE,KPNE,,,,,,,,1.8,1.8,,,,,,,,,,,,,,,,,,,,,,,,,1.8,,,,,,,,,,,,,,,,,,,,,,,,,,,,,1,1,,,1,
2024-11-02,N523LP,KPNE,KPNE,,,,,,,,1.2,1.2,,,,,,,,,,,,,,,,,,,,,,,,,1.2,,,,,,,,,,,,,,,,,,,,,,,,,,,,,1,1,,,1,
2024-11-02,N523LP,KPNE,KPNE,,,,,,,,1.8,1.8,,,,,,,,,,,,,,,,,,,,,,,,,1.8,,,,,,,,,,,,,,,,,,,,,,,,,,,,,1,1,,,1,
2024-11-01,N523LP,KPNE,KHGR,,,,,,,,3.6,3.6,,,,3.6,,,,,,,,,,,,,,,,,,,,,3.6,,,,,,,,,,,,,,,,,,,,,,,,,,,,,2,2,,,2,
2024-10-29,N523LP,KPNE,KPNE,,,,,,,,1.8,1.8,,,,,,,,,,,,,,,,,,,,,,,,,1.8,,,,,,,,,,,,,,,,,,,,,,,,,,,,,1,1,,,1,
2024-10-29,N523LP,KPNE,KPNE,,,,,,,,1.6,1.6,,,,,,,,,,,,,,,,,,,,,,,,,1.6,,,,,,,,,,,,,,,,,,,,,,,,,,,,,1,1,,,1,
2024-10-28,N523LP,KPNE,KPNE,,,,,,,,1.3,1.3,,,,,,,,,,,,,,,,,,,,,,,,,1.3,,,,,,,,,,,,,,,,,,,,,,,,,,,,,1,1,,,1,
2024-10-25,N523LP,KPNE,KPNE,,,,,,,,1.6,1.6,,,,,,,,,,,,,,,,,,,,,,,,,1.6,,,,,,,,,,,,,,,,,,,,,,,,,,,,,7,7,,,7,
2024-10-24,N523LP,KPNE,KPNE,,,,,,,,0.4,0.4,,,,,,,,,,,,,,,,,,,,,,,,,0.4,,,,,,,,,,,,,,,,,,,,,,,,,,,,,1,1,,,1,
2024-10-23,N523LP,KPNE,KPNE,,,,,,,,1.0,1.0,,,,,,,,,,,,,,,,,,,,,,,,,1.0,,,,,,,,,,,,,,,,,,,,,,,,,,,,,4,4,,,4,
2024-10-22,N523LP,KPNE,KPNE,,,,,,,,1.5,1.5,,,,,,,,,,,,,,,,,,,,,,,,,1.5,,,,,,,,,,,,,,,,,,,,,,,,,,,,,4,4,,,4,
2024-10-21,N523LP,KPNE,KPNE,,,,,,,,1.7,1.7,,,,,,,,,,,,,,,,,,,,,,,,,1.7,,,,,,,,,,,,,,,,,,,,,,,,,,,,,9,9,,,9,
2024-10-19,N523LP,KPNE,KPNE,,,,,,,,1.6,1.6,,,,,,,,,,,,,,,,,,,,,,,,,1.6,,,,,,,,,,,,,,,,,,,,,,,,,,,,,6,6,,,6,
2024-10-16,N523LP,KPNE,KPNE,,,,,,,,1.3,1.3,,1.3,,,,,,,,,,,,,,,,,,,,,,,1.3,,,,,,,,,,,,,,,,,,,,,,,,,,,,,,,8,8,8,
2024-10-16,N523LP,KPNE,KPNE,,,,,,,,1.3,1.3,,,,,,,,,,,,,,,,,,,,,,,,,1.3,,,,,,,,,,,,,,,,,,,,,,,,,,,,,5,5,,,5,
2024-10-15,N523LP,KPNE,KPNE,,,,,,,,1.3,1.3,,1.3,,,,,,,,,,,,,,,,,,,,,,,,,,,,,,,,,,,,,,,,,,,,,,,,,,,,1,,4,5,5,
2024-10-11,N523LP,KPNE,KPNE,,,,,,,,1.9,1.9,,0.2,,,,,,,,,,,,,,,,,,,,,,,1.9,,,,,,,,,,,,,,,,,,,,,,,,,,,,,7,7,1,1,8,
2024-10-11,N523LP,KPNE,KPNE,,,,,,,,1.7,1.7,,,,,,,,,,,,,,,,,,,,,,,,,1.7,,,,,,,,,,,,,,,,,,,,,,,,,,,,,7,7,,,7,
2024-10-10,N523LP,KPNE,KPNE,,,,,,,,2.6,2.6,,,,,,,,,,,,,,,,,,,,,,,,,2.6,,,,,,,,,,,,,,,,,,,,,,,,,,,,,11,11,,,11,
2024-10-06,N625FL,KPNE,KPNE,,,,,,,,1.2,1.2,,,,,,,,,,,,,,,,,,,,,,,,,,,,,,,,,,,,,,,,,,,,,,,,,,,,,,6,6,,,6,
2024-10-06,N32SX,KPNE,,,,,,,,,1.5,1.5,,,,,,,,,,,,,,,,,,,,,,,,,,,,,,,,,,,,,,,,,,,,,,,,,,,,,,1,1,,,1,
2024-10-03,N523LP,KPNE,KPNE,,,,,,,,0.8,0.8,,,,,,,,,,,,,,,,,,,,,,,,,,,,,,,,,,,,,,,,,,,,,,,,,,,,,,1,1,,,1,
2024-10-02,N523LP,KPNE,KPNE,,,,,,,,1.6,1.6,,0.4,,,,,,,,,,,,,,,,,,,,,,,1.6,,,,,,,,,,,,,,,,,,,,,,,,,,,,,1,,,1,1,
2024-10-02,N523LP,KPNE,KPNE,,,,,,,,1.6,1.6,,,,,,,,,,,,,,,,,,,,,,,,,1.6,,,,,,,,,,,,,,,,,,,,,,,,,,,,,9,9,,,9,
2024-10-02,N523LP,KPNE,KPNE,,,,,,,,1.1,1.1,,,,,,,,,,,,,,,,,,,,,,,,,1.1,,,,,,,,,,,,,,,,,,,,,,,,,,,,,6,6,,,6,
2024-10-01,N523LP,KPNE,KPNE,,,,,,,,1.2,1.2,,,,,,,,,,,,,,,,,,,,,,,,,1.2,,,,,,,,,,,,,,,,,,,,,,,,,,,,,5,5,,,5,
2024-09-30,N523LP,KPNE,KPNE,,,,,,,,1.0,1.0,,1.0,,,,,,,,,,,,,,,,,,,,,,,,,,,,,,,,,,,,,,,,,,,,,,,,,,,,,,3,3,3,
2024-09-30,N523LP,KPNE,KPNE,,,,,,,,1.7,1.7,,,,,,,,,,,,,,,,,,,,,,,,,1.7,,,,,,,,,,,,,,,,,,,,,,,,,,,,,10,10,,,10,
2024-09-24,N523LP,KPNE,KPNE,,,,,,,,1.1,1.1,,,,,,,,,,,,,,,,,,,,,,,,,1.1,,,,,,,,,,,,,,,,,,,,,,,,,,,,,4,4,,,4,
2024-09-24,N523LP,KPNE,KPNE,,,,,,,,1.3,1.3,,,,,,,,,,,,,,,,,,,,,,,,,1.3,,,,,,,,,,,,,,,,,,,,,,,,,,,,,4,4,,,4,
2024-09-23,N523LP,KPNE,KPNE,,,,,,,,1.1,1.1,,,,,,,,,,,,,,,,,,,,,,,,,1.1,,,,,,,,,,,,,,,,,,,,,,,,,,,,,7,7,,,7,
2024-09-23,N523LP,KPNE,KPNE,,,,,,,,1.0,1.0,,,,,,,,,,,,,,,,,,,,,,,,,1.0,,,,,,,,,,,,,,,,,,,,,,,,,,,,,1,1,,,1,
2024-09-18,N523LP,KPNE,KPNE,,,,,,,,1.3,1.3,,,,,,,,,,,,,,,,,,,,,,,,,1.3,,,,,,,,,,,,,,,,,,,,,,,,,,,,,1,1,,,1,
2024-09-18,N523LP,KPNE,KPNE,,,,,,,,1.6,1.6,,,,,,,,,,,,,,,,,,,,,,,,,1.6,,,,,,,,,,,,,,,,,,,,,,,,,,,,,6,6,,,6,
2024-09-18,N523LP,KPNE,KPNE,,,,,,,,2.2,2.2,,,,,,,,,,,,,,,,,,,,,,,,,2.2,,,,,,,,,,,,,,,,,,,,,,,,,,,,,6,6,,,6,
2024-09-15,N523LP,KPNE,KPNE,,,,,,,,1.3,1.3,,,,,,,,,,,,,,,,,,,,,,,,,1.3,,,,,,,,,,,,,,,,,,,,,,,,,,,,,3,3,,,3,
2024-09-14,N523LP,KPNE,KPNE,,,,,,,,1.8,1.8,,,,,,,,,,,,,,,,,,,,,,,,,1.8,,,,,,,,,,,,,,,,,,,,,,,,,,,,,1,1,,,1,
2024-09-01,N523LP,KPNE,KPNE,,,,,,,,1.6,1.6,,,,,,,,,,,,,,,,,,,,,,,,,,,,,,,,,,,,,,,,,,,,,,,,,,,,,,,,,,,
2024-08-29,N523LP,KPNE,KPNE,,,,,,,,0.8,0.8,,,,,,,,,,,,,,,,,,,,,,,,,0.8,,,,,,,,,,,,,,,,,,,,,,,,,,,,,4,4,,,4,
2024-08-25,N523LP,KPNE,KPNE,,,,,,,,1.2,1.2,,,,,,,,,,,,,,,,,,,,,,,,,1.2,,,,,,,,,,,,,,,,,,,,,,,,,,,,,1,1,,,1,
2024-08-24,N523LP,KPNE,KPNE,,,,,,,,1.5,1.5,,,,,,,,,,,,,,,,,,,,,,,,,1.5,,,,,,,,,,,,,,,,,,,,,,,,,,,,,1,1,,,1,
2024-08-24,N523LP,KPNE,KPNE,,,,,,,,2.3,2.3,,,,2.3,,,,,,,,,,,,,,,,,,,,,2.3,,,,,,,,,,,,,,,,,,,,,,,,,,,,,3,3,,,3,
2024-08-21,N523LP,KPNE,KPNE,,,,,,,,1.0,1.0,,,,,,,,,,,,,,,,,,,,,,,,,1.0,,,,,,,,,,,,,,,,,,,,,,,,,,,,,1,1,,,1,
2024-08-18,N523LP,KPNE,KPNE,,,,,,,,1.0,1.0,,,,,,,,,,,,,,,,,,,,,,,,,1.0,,,,,,,,,,,,,,,,,,,,,,,,,,,,,1,1,,,1,
2024-08-11,N523LP,KPNE,KPNE,,,,,,,,1.1,1.1,,,,,,,,,,,,,,,,,,,,,,,,,1.1,,,,,,,,,,,,,,,,,,,,,,,,,,,,,3,3,,,3,
2024-08-05,N512LP,KHLV,KVAY,,,,,,,,1.5,1.5,,,1.5,1.5,,,,,,,,,,,,,,,,,,,,,,,,,,,,,,,,,,,,,,,,,,,,,,,,,,1,1,,,1,
2024-08-05,N512LP,KHLV,KHLV,,,,,,,,1.1,1.1,,,,,,,,,,,,,,,,,,,,,,,,,,,,,,,,,,,,,,,,,TRUE,,,,,,,,,,,,,,,,,,
2024-08-05,N512LP,KVAY,KHLV,,,,,,,,1.9,1.9,,,1.9,1.9,,,,,,,,,,,,,,,,,,,,,,,,,,,,,,,,,,,,,TRUE,,,,,,,,,,,,,1,1,,,1,
2024-07-28,N523LP,KPNE,KPNE,,,,,,,,1.3,1.3,,,1.3,,,,,,,,,,,,,,,,,,,,,,,,,,,,,,,,,,,,,,,,,,,,,,,,,,,1,1,,,1,
2024-07-22,N523LP,KPNE,KPNE,,,,,,,,1.2,1.2,,,,,,,,,,,,,,,,,,,,,,,,,,,,,,,,,,,,,,,,,,,,,,,,,,,,,,7,7,,,7,
2024-07-19,N862TW,KDYL,KDYL,,,,,,,,1.3,1.3,,,,,,,,,,,,,,,,,,,,,,,,,,1.3,,,,,,,,,,,,,,,,,,,,,,,,,,,,4,4,,,4,
2024-07-15,N862TW,KDYL,KDYL,,,,,,,,0.7,0.7,,,,,,,,,,,,,,,,,,,,,,,,,,0.7,,,,,,,,,,,,,,,,,,,,,,,,,,,,2,2,,,2,
2024-06-28,N489LP,KPNE,KPNE,,,,,,,,1.6,1.6,,,1.6,,,,,,,,,,,,,,,,,,,,,,,,,,,,,,,,,,,,,,,,,,,,,,,,,,,2,2,,,2,
2024-06-27,N489LP,KPNE,KPNE,,,,,,,,0.9,0.9,,,,,,,,,,,,,,,,,,,,,,,,,,,,,,,,,,,,,,,,,,,,,,,,,,,,,,1,1,,,1,
2024-06-16,N489LP,KPNE,KPNE,,,,,,,,0.8,0.8,,,0.8,,,,,,,,,,,,,,,,,,,,,,,,,,,,,,,,,,,,,,,,,,,,,,,,,,,1,1,,,1,
2024-06-16,N489LP,KPNE,NE,,,,,,,,1.0,1.0,,,,,,,,,,,,,,,,,,,,,,,,,,,,,,,,,,,,,,,,,,,,,,,,,,,,,,1,1,,,1,
2024-05-31,N512LP,KANP,KVAY,,,,,,,,1.3,1.3,,,1.3,1.3,,,,,,,,,,,,,,,,,,,,,,,,,,,,,,,,,,,,,,,,,,,,,,,,,,1,1,,,1,
2024-05-31,N512LP,KVAY,KANP,,,,,,,,1.4,1.4,,,1.4,1.4,,,,,,,,,,,,,,,,,,,,,,,,,,,,,,,,,,,,,,,,,,,,,,,,,,1,1,,,1,
2024-05-13,N512LP,KANP,KVAY,,,,,,,,1.2,1.2,,,1.2,1.2,,,,,,,,,,,,,,,,,,,,,,,,,,,,,,,,,,,,,,,,,,,,,,,,,,1,1,,,1,
2024-05-13,N512LP,KVAY,KANP,,,,,,,,1.6,1.6,,,1.6,1.6,,,,,,,,,,,,,,,,,,,,,,,,,,,,,,,,,,,,,,,,,,,,,,,,,,,,,,,
2024-05-09,N489LP,KPNE,KPNE,,,,,,,,0.9,0.9,,,0.9,,,,,,,,,,,,,,,,,,,,,,,,,,,,,,,,,,,,,,,,,,,,,,,,,,,3,3,,,3,
2024-05-07,N489LP,KPNE,KPNE,,,,,,,,0.9,0.9,,,0.9,,,,,,,,,,,,,,,,,,,,,,,,,,,,,,,,,,,,,,,,,,,,,,,,,,,5,5,,,5,
2024-05-02,N489LP,KPNE,KPNE,,,,,,,,0.9,0.9,,,0.9,,,,,,,,,,,,,,,,,,,,,,,,,,,,,,,,,,,,,,,,,,,,,,,,,,,3,3,,,3,
2024-05-01,N489LP,KPNE,KPNE,,,,,,,,1.1,1.1,,,,,,,,,,,,,,,,,,,,,,,,,,1.1,,,,,,,,,,,,,,,,,,,,,,,,,,,,4,4,,,4,
2024-05-01,N489LP,KPNE,KPNE,,,,,,,,1.2,1.2,,,1.2,1.2,,,,,,,,,,,,,,,,,,,,,,,,,,,,,,,,,,,,,,,,,,,,,,,,,,,,,,,
2024-03-30,N489LP,KPNE,KPNE,,,,,,,,1.0,1.0,,,,1.0,,,,,,,,,,,,,,,,,,,,,,,,,,,,,,,,,,,,,,,,,,,,,,,,,,6,6,,,6,
2024-03-21,N862TW,KDYL,KDYL,,,,,,,,1.0,1.0,,,,1.0,,,,,,,,,0.4,,,,,,,,,,,,,,,,,,,,,,,,,,,,,,,,,,,,,,,,,,,,,,
2024-03-21,N489LP,KPNE,KPNE,,,,,,,,0.8,0.8,,,0.8,,,,,,,,,,,,,,,,,,,,,,,,,,,,,,,,,,,,,,,,,,,,,,,,,,,1,1,,,1,
2024-03-17,N489LP,KPNE,KPNE,,,,,,,,0.7,0.7,,,0.7,,,,,,,,,,,,,,,,,,,,,,,,,,,,,,,,,,,,,,,,,,,,,,,,,,,3,3,,,3,
2024-03-16,N489LP,KVAY,KVAY,,,,,,,,1.1,1.1,,,,,,,,,,,,,,,,,,,,,,,,,,,,,,,,,,,,,,,,,,,,,,,,,,,,,,2,2,,,2,
2024-02-19,N489LP,KPNE,KPNE,,,,,,,,1.3,1.3,,1.3,,,,,,,,,,,,,,,,,,,,,,,,,,,,,,,,,,,,,,,,,,,,,,,,,,,,,,3,3,3,
2024-02-15,N1125X,KDYL,KDYL,,,,,,,,1.4,1.4,,,,,,,,,,,,,,,,,,,,,,,,,,1.4,,,,,,,,,,,,,,,,,,,,,,,,,,,,3,3,,,3,
2024-02-11,N489LP,KPNE,KPNE,,,,,,,,0.9,0.9,,,0.9,,,,,,,,,,,,,,,,,,,,,,,,,,,,,,,,,,,,,,,,,,,,,,,,,,,1,1,,,1,
2024-02-08,N489LP,KPNE,KPNE,,,,,,,,1.1,1.1,,,,,,,,,,,,,,,,,,,,,,,,,,,,,,,,,,,,,,,,,,,,,,,,,,,,,,1,1,,,1,
2024-02-08,N489LP,KDYL,KDYL,,,,,,,,1.6,1.6,,,,,,,,,,,,,,,,,,,,,,,,,,1.6,,,,,,,,,,,,,,,,,,,,,,,,,,,,4,4,,,4,
2024-02-06,N489LP,KDYL,KDYL,,,,,,,,2.2,2.2,,0.6,,,,,,,,,,,,,,,,,,,,,,,,,,,,,,,,,,,,,,,,,,,,,,,,,,,,,,1,1,1,
2024-02-04,N489LP,KPNE,KPNE,,,,,,,,0.8,0.8,,0.8,,,,,,,,,,,,,,,,,,,,,,,,,,,,,,,,,,,,,,,,,,,,,,,,,,,,,,1,1,1,
2024-02-03,N489LP,KPNE,KPNE,,,,,,,,1.6,1.6,,1.6,,1.6,,,,,,,,,0.6,,,,,,,,,,,,,,,,,,,,,,,,,,,,,,,,,,,,,,,,,,,2,2,2,
2024-01-30,N489LP,KPNE,KPNE,,,,,,,,1.0,1.0,,,,,,,,,,,,,,,,,,,,,,,,,,,,,,,,,,,,,,,,,,,,,,,,,,,,,,4,4,,,4,
2024-01-23,N489LP,KPNE,KPNE,,,,,,,,1.1,1.1,,,,,,,,,,,,,,,,,,,,,,,,,,1.1,,,,,,,,,,,,,,,,,,,,,,,,,,,,5,5,,,5,
2024-01-12,N489LP,KPNE,KPNE,,,,,,,,1.4,1.4,,,,,,,,,,,,,,,,,,,,,,,,,,1.4,,,,,,,,,,,,,,,,,,,,,,,,,,,,1,1,,,1,
2023-12-31,N489LP,KPNE,KPNE,,,,,,,,1.6,1.6,,,1.6,,,,,,,,,,,,,,,,,,,,,,,,,,,,,,,,,,,,,,,,,,,,,,,,,,,2,2,,,2,
2023-12-20,N8108U,KPNE,,,,,,,,,0.7,0.7,,0.7,0.7,,,,,,,,,,,,,,,,,,,,,,,,,,,,,,,,,,,,,,,,,,,,,,,,,,,,,3,3,3,
2023-11-26,N489LP,KPNE,KPNE,,,,,,,,1.7,1.7,,,,,,,,,,,,,,,,,,,,,,,,,,,,,,,,,,,,,,,,,,,,,,,,,,,,,,5,5,,,5,
2023-11-20,N489LP,KPNE,KPNE,,,,,,,,1.4,1.4,,,,,,,,,,,,,,,,,,,,,,,,,,,,,,,,,,,,,,,,,,,,,,,,,,,,,,4,4,,,4,
2023-11-19,N489LP,KPNE,KPNE,,,,,,,,0.9,0.9,,,,,,,,,,,,,,,,,,,,,,,,,,,,,,,,,,,,,,,,,,,,,,,,,,,,,,1,1,,,1,
2023-11-03,N6860J,KDYL,KDYL,,,,,,,,1.2,1.2,,,,,,,,,,,,,,,,,,,,,,,,,,1.2,,,,,,,,,,,,,TRUE,,,,,,,,,,,,,,,4,4,,,4,
2023-10-18,N888MS,KVAY,KVAY,,,,,,,,1.1,1.1,,1.1,1.1,,,,,,,,,,,,,,,,,,,,,,,,,,,,,,,,,,,,,,,,,,,,,,,,,,,,,5,5,10,
2023-10-13,N8108U,KPNE,KPNE,,,,,,,,0.8,0.8,,0.8,0.8,,,,,,,,,,,,,,,,,,,,,,,,,,,,,,,,,,,,,,,,,,,,,,,,,,,,,4,4,4,
2023-10-11,N862TW,KPNE,KPNE,,,,,,,,1.9,1.9,,1.9,1.9,1.9,,,,,,,,,1.0,,,,,,,,,,,,,,,,,,,,,,,,,,,,,,,,,,,,,,,,,,,3,3,3,
2023-10-04,N862TW,KPNE,KPNE,,,,,,,,1.2,1.2,,1.2,1.2,,,,,,,,,,,,,,,,,,,,,,,,,,,,,,,,,,,,,,,,,,,,,,,,,,,,,3,3,3,
2023-10-03,N888MS,KVAY,KVAY,,,,,,,,1.3,1.3,,1.3,1.3,,,,,,,,,,,,,,,,,,,,,,,,,,,,,,,,,,,,,,,,,,,,,,,,,,,1,1,3,3,4,
2023-10-02,N862TW,KPNE,,,,,,,,,1.0,1.0,,1.0,1.0,,,,,,,,,,,,,,,,,,,,,,,,,,,,,,,,,,,,,,,,,,,,,,,,,,,,,2,2,2,
2023-09-20,N862TW,KPNE,KPNE,,,,,,,,1.2,1.2,,1.2,1.2,1.2,,,,,,,,,0.5,,,,,,,,,,,,,,,,,,,,,,,,,,,,,,,,,,,,,,,,,,,2,2,2,
2023-09-15,N8108U,KPNE,KPNE,,,,,,,,1.0,1.0,,1.0,1.0,,,,,,,,,,,,,,,,,,,,,,,,,,,,,,,,,,,,,,,,,,,,,,,,,,,,,5,5,5,
2023-08-20,N861TW,KPNE,KPNE,,,,,,,,1.2,1.2,,1.2,1.2,,,,,,,,,,,,,,,,,,,,,,,,,,,,,,,,,,,,,,,,,,,,,,,,,,,,,3,3,3,
2023-08-11,N861TW,KPNE,KPNE,,,,,,,,1.1,1.1,,1.1,,,,,,,,,,,,,,,,,,,,,,,,,,,,,,,,,,,,,,,,,,,,,,,,,,,,,,3,3,3,
2023-08-09,N862TW,KPNE,KPNE,,,,,,,,0.9,0.9,,,,,,,,,,,,,0.7,,,,,,,,,,,,,0.9,,,,,,,,,,,,,,,,,,,,,,,,,,,,1,1,,,1,
2023-07-23,N862TW,KPNE,KPNE,,,,,,,,1.2,1.2,,0.6,1.2,,,,,,,,,,,,,,,,,,,,,,,,,,,,,,,,,,,,,,,,,,,,,,,,,,,,,3,3,3,
2023-07-11,N6860J,KDYL,KDYL,,,,,,,,2.0,2.0,,0.6,2.0,2.0,,,,,,,,,0.7,,,,,,,,,,,,,,,,,,,,,,,,,,,,,,,,,,,,,,,,,2,2,,,2,
2023-07-05,N8108U,KPNE,KPNE,,,,,,,,2.0,2.0,,2.0,,,,,,,,,,,1.0,,,,,,,,,,,,,,,,,,,,,,,,,,,,,,,,,,,,,,,,,,,2,2,2,
2023-07-01,N8108U,KPNE,KPNE,,,,,,,,2.3,2.3,,2.3,,2.3,,,,,,,,,,,,,,,,,,,,,,,,,,,,,,,,,,,,,,,,,,,,,,,,,,,,,,,
2023-06-18,N861TW,KPNE,KPNE,,,,,,,,0.6,0.6,,,,,,,,,,,,,,,,,,,,,,,,,,,,,,,,,,,,,,,,,,,,,,,,,,,,,,1,1,,,1,
2023-06-15,N861TW,KPNE,KPNE,,,,,,,,1.0,1.0,,1.0,1.0,,,,,,,,,,,,,,,,,,,,,,,,,,,,,,,,,,,,,,,,,,,,,,,,,,,,,3,3,3,
2023-06-11,N862TW,KPNE,KPNE,,,,,,,,1.0,1.0,,,,1.0,,,,,,,,,,,,,,,,,,,,,,,,,,,,,,,,,,,,,,,,,,,,,,,,,,1,1,,,1,
2023-05-31,N862TW,KPNE,KPNE,,,,,,,,2.1,2.1,,1.1,,2.1,,,,,,,,,,,,,,,,,,,,,,,,,,,,,,,,,,,,,,,,,,,,,,,,,,,,2,2,2,
2023-05-23,N6860J,KPNE,KPNE,,,,,,,,1.8,1.8,,0.8,,,,,,,,,,,0.8,,,,,,,,,,,,,,,,,,,,,,,,,,,,,,,,,,,,,,,,,,,1,1,1,
2023-05-22,N862TW,KPNE,KPNE,,,,,,,,0.7,0.7,,,0.7,,,,,,,,,,,,,,,,,,,,,,,,,,,,,,,,,,,,,,,,,,,,,,,,,,,1,1,,,1,
2023-05-19,N862TW,KPNE,KPNE,,,,,,,,1.1,1.1,,1.1,1.1,,,,,,,,,,,,,,,,,,,,,,,,,,,,,,,,,,,,,,,,,,,,,,,,,,,,,3,3,3,
2023-05-10,N862TW,KPNE,KPNE,,,,,,,,2.1,2.1,,2.1,,,,,,,,,,,1.0,,,,,,,,,,,,,,,,,,,,,,,,,,,,,,,,,,,,,,,,,,,2,2,2,
2023-05-07,N4964J,KPNE,KFME,,,,,,,,1.6,1.6,,,1.6,1.6,,,,,,,,,,,,,,,,,,,,,,,,,,,,,,,,,,,,,,,,,,,,,,,,,,1,1,,,1,
2023-05-06,N4964J,KPNE,,,,,,,,,1.0,1.0,,,1.0,,,,,,,,,,,,,,,,,,,,,,,,,,,,,,,,,,,,,,,,,,,,,,,,,,,1,1,,,1,
2023-05-02,N862TW,KPNE,KPNE,,,,,,,,1.0,1.0,,0.5,1.0,,,,,,,,,,,,,,,,,,,,,,,,,,,,,,,,,,,,,,,,,,,,,,,,,,,1,,,1,1,
2023-04-25,N862TW,KPNE,KPNE,,,,,,,,1.5,1.5,,0.8,,,,,,,,,,,0.6,,,,,,,,,,,,,,,,,,,,,,,,,,,,,,,,,,,,,,,,,1,,,1,1,
2023-04-24,N862TW,KPNE,KPNE,,,,,,,,2.2,2.2,,1.1,,2.2,,,,,,,,,1.0,,,,,,,,,,,,,,,,,,,,,,,,,,,,,,,,,,,,,,,,,1,,1,2,2,
2023-04-16,N862TW,KPNE,KPNE,,,,,,,,0.9,0.9,,0.4,,,,,,,,,,,,,,,,,,,,,,,,,,,,,,,,,,,,,,,,,,,,,,,,,,,,1,,,1,1,
2023-04-10,N862TW,KPNE,KPNE,,,,,,,,1.1,1.1,,,,,,,,,,,,,0.8,,,,,,,,,,,,,1.1,,,,,,,,,,,,,,,,,,,,,,,,,,,,1,1,,,1,
2023-04-07,N862TW,KPNE,KPNE,,,,,,,,1.0,1.0,,1.0,,,,,,,,,,,,,,,,,,,,,,,,,,,,,,,,,,,,,,,,,,,,,,,,,,,,,,4,4,4,
2023-03-31,N862TW,KPNE,KPNE,,,,,,,,1.0,1.0,,,,,,,,,,,,,0.9,,,,,,,,,,,,,1.0,,,,,,,,,,,,,,,,,,,,,,,,,,,,1,1,,,1,
2023-03-16,,KPNE,KPNE,,,,,,,,0.7,0.7,,,,,,,,,,,,,0.7,,,,,,,,,,,,,,,,,,,,,,,,,,,,,,,,,,,,,,,,,,,,,,
2023-03-15,,KPNE,KPNE,,,,,,,,1.2,1.2,,,,,,,,,,,,,1.2,,,,,,,,,,,,,,,,,,,,,,,,,,,,,,,,,,,,,,,,,,,,,,
2023-03-08,,KPNE,,,,,,,,,0.9,0.9,,,,,,,,,,,,,0.9,,,,,,,,,,,,,,,,,,,,,,,,,,,,,,,,,,,,,,,,,,,,,,
2023-03-06,N862TW,KPNE,KPNE,,,,,,,,0.9,0.9,,,0.9,,,,,,,,,,,,,,,,,,,,,,,,,,,,,,,,,,,,,,,,,,,,,,,,,,,1,1,,,1,
2023-03-05,N1125X,KDYL,KDYL,,,,,,,,2.3,2.3,,,,2.3,,,,,,,,,,,,,,,,,,,,,,,,,,,,,,,,,,,,,,,,,,,,,,,,,,2,2,,,2,
2023-02-15,N862TW,KPNE,KPNE,,,,,,,,0.9,0.9,,,,,,,,,,,,,,,,,,,,,,,,,,,,,,,,,,,,,,,,,,,,,,,,,,,,,,1,1,,,1,
2023-02-11,N862TW,KPNE,KPNE,,,,,,,,1.1,1.1,,1.1,1.1,,,,,,,,,,,,,,,,,,,,,,,,,,,,,,,,,,,,,,,,,,,,,,,,,,,,,3,3,3,
2023-01-28,N1125X,KDYL,KDYL,,,,,,,,0.5,0.5,,,0.5,,,,,,,,,,,,,,,,,,,,,,,,,,,,,,,,,,,,,,,,,,,,,,,,,,,1,1,,,1,
2023-01-17,N861TW,KPNE,KPNE,,,,,,,,1.1,1.1,,,1.1,,,,,,,,,,,,,,,,,,,,,,,,,,,,,,,,,,,,,,,,,,,,,,,,,,,6,6,,,6,
2022-12-27,N862TW,KPNE,KPNE,,,,,,,,0.4,0.4,,0.4,,,,,,,,,,,,,,,,,,,,,,,,,,,,,,,,,,,,,,,,,,,,,,,,,,,,,,3,3,3,
2022-12-17,N1125X,KPNE,KDYL,,,,,,,,1.1,1.1,,,,,,,,,,,,,,,,,,,,,,,,,,1.1,,,,,,,,,,,,,,,,,,,,,,,,,,,,3,3,,,3,
2022-12-02,N862TW,KPNE,KPNE,,,,,,,,0.9,0.9,,,0.9,,,,,,,,,,,,,,,,,,,,,,,,,,,,,,,,,,,,,,,,,,,,,,,,,,,1,1,,,1,
2022-11-29,N1125X,KPNE,,,,,,,,,0.7,0.7,,,,,,,,,,,,,,,,,,,,,,,,,,,,,,,,,,,,,,,,,,,,,,,,,,,,,,2,2,,,2,
2022-11-24,N861TW,KPNE,KPNE,,,,,,,,0.8,0.8,,,0.8,,,,,,,,,,,,,,,,,,,,,,,,,,,,,,,,,,,,,,,,,,,,,,,,,,,7,7,,,7,
2022-11-23,N861TW,KPNE,,,,,,,,,0.9,0.9,,0.4,0.9,0.9,,,,,,,,,,,,,,,,,,,,,,,,,,,,,,,,,,,,,,,,,,,,,,,,,,1,1,1,1,2,
2022-11-22,N625FL,KPNE,KPNE,,,,,,,,1.2,1.2,,,,1.2,,,,,,,,,,,,,,,,,,,,,,,,,,,,,,,,,,,,,,,,,,,,,,,,,,2,2,,,2,
2022-11-18,N862TW,KPNE,KPNE,,,,,,,,0.7,0.7,,,0.7,,,,,,,,,,,,,,,,,,,,,,,,,,,,,,,,,,,,,,,,,,,,,,,,,,,2,2,,,2,
2022-11-09,N862TW,KPNE,KPNE,,,,,,,,2.4,2.4,,2.4,2.4,2.4,,,,,,,,,,,,,,,,,,,,,,,,,,,,,,,,,,,,,,,,,,,,,,,,,,,,2,2,2,
2022-11-08,N862TW,KPNE,KPNE,,,,,,,,2.1,2.1,,2.1,2.1,2.1,,,,,,,,,,,,,,,,,,,,,,,,,,,,,,,,,,,,,,,,,,,,,,,,,,,,2,2,2,
2022-11-02,N862TW,KPNE,KPNE,,,,,,,,1.5,1.5,,,1.5,1.5,,,,,,,,,,,,,,,,,,,,,,,,,,,,,,,,,,,,,,,,,,,,,,,,,,,,,,,
2022-11-01,N862TW,KPNE,KPNE,,,,,,,,0.9,0.9,,,0.9,,,,,,,,,,,,,,,,,,,,,,,,,,,,,,,,,,,,,,,,,,,,,,,,,,,3,3,,,3,
2022-10-26,N862TW,KPNE,,,,,,,,,1.0,1.0,,,1.0,,,,,,,,,,,,,,,,,,,,,,,,,,,,,,,,,,,,,,,,,,,,,,,,,,,,,7,7,7,
2022-10-18,N861TW,KPNE,KPNE,,,,,,,,1.9,1.9,,,1.9,1.9,,,,,,,,,,,,,,,,,,,,,,,,,,,,,,,,,,,,,,,,,,,,,,,,,,2,2,,,2,
2022-10-14,N862TW,KPNE,KPNE,,,,,,,,0.8,0.8,,,0.8,,,,,,,,,,,,,,,,,,,,,,,,,,,,,,,,,,,,,,,,,,,,,,,,,,,3,3,,,3,
2022-10-10,N8175R,KPNE,KTME,,,,,,,,8.0,,,,,8.0,,,,,,,,,,,,,,,,,,,,,,8.0,,,,,,,,,,,,,,,,,,,,,,,,,,,,2,2,,,2,
2022-09-28,N862TW,KPNE,KPNE,,,,,,,,1.0,1.0,,,1.0,,,,,,,,,,,,,,,,,,,,,,,,,,,,,,,,,,,,,,,,,,,,,,,,,,,6,6,,,6,
2022-09-26,N862TW,KPNE,KPNE,,,,,,,,0.6,0.6,,,0.6,,,,,,,,,,,,,,,,,,,,,,,,,,,,,,,,,,,,,,,,,,,,,,,,,,,3,3,,,3,
2022-09-22,N861TW,KPNE,KPNE,,,,,,,,0.6,0.6,,,0.6,,,,,,,,,,,,,,,,,,,,,,,,,,,,,,,,,,,,,,,,,,,,,,,,,,,3,3,,,3,
2022-09-21,N861TW,KPNE,KPNE,,,,,,,,0.6,0.6,,,0.6,,,,,,,,,,,,,,,,,,,,,,,,,,,,,,,,,,,,,,,,,,,,,,,,,,,4,4,,,4,
2022-09-19,N861TW,KPNE,KPNE,,,,,,,,0.7,0.7,,,0.7,,,,,,,,,,,,,,,,,,,,,,,,,,,,,,,,,,,,,,,,,,,,,,,,,,,4,4,,,4,
2022-09-17,N2828C,KLOM,KLOM,,,,,,,,1.1,1.1,,,,,,,,,,,,,,,,,,,,,,,,,,1.1,,,,,,,,,,,,,,,,,,,,,,,,,,,,6,6,,,6,
2022-09-14,N2828C,KLOM,KLOM,,,,,,,,1.3,1.3,,,,,,,,,,,,,,,,,,,,,,,,,,1.3,,,,,,,,,,,,,,,,,,,,,,,,,,,,8,8,,,8,
2022-09-09,N2828C,KLOM,KLOM,,,,,,,,2.0,2.0,,,,,,,,,,,,,,,,,,,,,,,,,,2.0,,,,,,,,,,,,,,,,,,,,,,,,,,,,8,8,,,8,
2022-09-03,N2828C,KLOM,KLOM,,,,,,,,1.7,1.7,,,,,,,,,,,,,,,,,,,,,,,,,,1.7,,,,,,,,,,,,,,,,,,,,,,,,,,,,9,9,,,9,
2022-08-29,N2828C,KLOM,KLOM,,,,,,,,1.7,1.7,,,,,,,,,,,,,,,,,,,,,,,,,,1.7,,,,,,,,,,,,,,,,,,,,,,,,,,,,8,8,,,8,
2022-08-27,N2828C,KLOM,KLOM,,,,,,,,1.5,1.5,,,,,,,,,,,,,,,,,,,,,,,,,,1.5,,,,,,,,,,,,,,,,,,,,,,,,,,,,8,8,,,8,
2022-08-20,N862TW,KPNE,KPNE,,,,,,,,0.9,0.9,,,0.9,,,,,,,,,,,,,,,,,,,,,,,,,,,,,,,,,,,,,,,,,,,,,,,,,,,6,6,,,6,
2022-08-11,N2828C,KSGJ,KSGJ,,,,,,,,1.0,1.0,,,,,,,,,,,,,,,,,,,,,,,,,,1.0,,,,,,,,,,,,,,,,,,,,,,,,,,,,,,,,,
2022-07-27,N862TW,KPNE,KPNE,,,,,,,,0.8,0.8,,,0.8,,,,,,,,,,,,,,,,,,,,,,,,,,,,,,,,,,,,,,,,,,,,,,,,,,,3,3,,,3,
2022-07-23,N862TW,KPNE,KFWN,,,,,,,,1.9,1.9,,,,1.9,,,,,,,,,0.7,,,,,,,,,,,,,,,,,,,,,,,,,,,,,,,,,,,,,,,,,1,1,,,1,
2022-07-22,N862TW,KPNE,KPNE,,,,,,,,0.6,0.6,,0.6,0.6,,,,,,,,,,,,,,,,,,,,,,,,,,,,,,,,,,,,,,,,,,,,,,,,,,,,,3,3,3,
2022-07-20,N862TW,KPNE,KPNE,,,,,,,,0.8,0.8,,,0.8,,,,,,,,,,,,,,,,,,,,,,,,,,,,,,,,,,,,,,,,,,,,,,,,,,,1,1,,,1,
2022-07-12,N2828C,KLOM,KLOM,,,,,,,,1.0,1.0,,,,,,,,,,,,,,,,,,,,,,,,,,1.0,,,,,,,,,,,,,,,,,,,,,,,,,,,,1,1,,,1,
2022-07-09,N862TW,KPNE,KAVP,,,,,,,,2.1,2.1,,,,2.1,,,,,,,,,0.9,,,,,,,,,,,,,,,,,,,,,,,,,,,,,,,,,,,,,,,,,1,1,,,1,
2022-07-09,N2828C,KLOM,KLOM,,,,,,,,1.0,1.0,,,,,,,,,,,,,,,,,,,,,,,,,,1.0,,,,,,,,,,,,,,,,,,,,,,,,,,,,1,1,,,1,
2022-07-06,N2828C,KLOM,KLOM,,,,,,,,1.0,1.0,,,,,,,,,,,,,,,,,,,,,,,,,,1.0,,,,,,,,,,,,,,,,,,,,,,,,,,,,,,,,,
2022-06-28,N862TW,KPNE,KPNE,,,,,,,,0.8,0.8,,,0.8,,,,,,,,,,,,,,,,,,,,,,,,,,,,,,,,,,,,,,,,,,,,,,,,,,,1,1,,,1,
2022-06-24,N86674,KPNE,,,,,,,,,1.0,1.0,,,,,,,,,,,,,,,,,,,,,,,,,,1.0,,,,,,,,,,,,,,,,,,,,,,,,,,,,,,,,,
2022-06-21,N862TW,KPNE,KPNE,,,,,,,,0.8,0.8,,,,,,,,,,,,,,,,,,,,,,,,,,,,,,,,,,,,,,,,,,,,,,,,,,,,,,,,,,,
2022-06-13,N862TW,KPNE,KPNE,,,,,,,,0.7,0.7,,,,,,,,,,,,,,,,,,,,,,,,,,,,,,,,,,,,,,,,,,,,,,,,,,,,,,2,2,,,2,
2022-05-19,N625FL,KPNE,KPNE,,,,,,,,2.4,2.4,,,,,,,,,,,,,1.8,,,,,,,,,,,,,2.4,,,,,,,,,,,,,,,,,,,,,,,,,,,,,,,,,
2022-05-18,N625FL,KPNE,KPNE,,,,,,,,1.6,1.6,,,,,,,,,,,,,1.0,,,,,,,,,,,,,1.6,,,,,,,,,,,,,,,,,,,,,,,,,,,,,,,,,
2022-05-11,N862TW,KPNE,,,,,,,,,0.9,0.9,,,,,,,,,,,,,,,,,,,,,,,,,,,,,,,,,,,,,,,,,,,,,,,,,,,,,,1,,,,,
2022-04-26,N625FL,KPNE,KPNE,,,,,,,,0.9,0.9,,,,,,,,,,,,,0.6,,,,,,,,,,,,,0.9,,,,,,,,,,,,,,,,,,,,,,,,,,,,,,1,,,
2022-04-13,N862TW,KPNE,KPNE,,,,,,,,0.6,0.6,,,0.6,,,,,,,,,,,,,,,,,,,,,,,,,,,,,,,,,,,,,,,,,,,,,,,,,,,,,,,,
2022-04-12,N862TW,KDYL,KIPT,,,,,,,,2.8,2.8,,,,2.8,,,,,,,,,1.2,,,,,,,,,,,,,,,,,,,,,,,,,,,,,,,,,,,,,,,,,,,,,,
2022-03-22,N6860J,KDYL,KDYL,,,,,,,,2.5,2.5,,,,,,,,,,,,,1.0,,,,,,,,,,,,,,,,,,,,,,,,,,,,,,,,,,,,,,,,,,,1,1,1,
2022-03-15,N92789,KDYL,KDYL,,,,,,,,3.1,3.1,,,,3.1,,,,,,,,,1.4,,,,,,,,,,,,,,,,,,,,,,,,,,,,,,,,,,,,,,,,,,,,,,
2022-03-14,N862TW,KPNE,NE,,,,,,,,1.1,1.1,,,,,,,,,,,,,,,,,,,,,,,,,,,,,,,,,,,,,,,,,,,,,,,,,,,,,,,,2,2,2,
2022-02-15,N3366Z,KPNE,KACY,,,,,,,,2.5,2.5,,,,2.5,,,,,,,,,0.9,,,,,,,,,,,,,,,,,,,,,,,,,,,,,,,,,,,,,,,,,,,2,2,2,
2022-01-26,N861TW,KPNE,KPNE,,,,,,,,0.8,0.8,,,,,,,,,,,,,,,,,,,,,,,,,,,,,,,,,,,,,,,,,,,,,,,,,,,,,,4,4,,,4,
2022-01-12,N625FL,KPNE,KPNE,,,,,,,,2.8,2.8,,,,2.8,,,,,,,,,2.0,,,,,,,,,,,,,2.8,,,,,,,,,,,,,,,,,,,,,,,,,,,,1,,,1,1,
2021-12-26,N861TW,KDYL,DYL,,,,,,,,0.7,0.7,,,,,,,,,,,,,,,,,,,,,,,,,,,,,,,,,,,,,,,,,,,,,,,,,,,,,,1,1,,,1,
2021-12-21,N861TW,KPNE,KPNE,,,,,,,,0.7,0.7,,,,,,,,,,,,,,,,,,,,,,,,,,,,,,,,,,,,,,,,,,,,,,,,,,,,,,1,1,,,1,
2021-12-07,N625FL,KPNE,KPNE,,,,,,,,1.6,1.6,,,,,,,,,,,,,,,,,,,,,,,,,,1.6,,,,,,,,,,,,,,,,,,,,,,,,,,,,,,5,5,5,
2021-11-22,N6860J,KDYL,KDYL,,,,,,,,1.1,1.1,,,1.1,,,,,,,,,,,,,,,,,,,,,,,,,,,,,,,,,,,,,,,,,,,,,,,,,,,5,5,,,5,
2021-11-17,N4954F,KDYL,,,,,,,,,1.1,1.1,,,,,,,,,,,,,,,,,,,,,,,,,,,,,,,,,,,,,,,,,,,,,,,,,,,,,,,,2,2,2,
2021-11-11,N6860J,KDYL,KDYL,,,,,,,,2.3,2.3,,,2.3,,,,,,,,,,,,,,,,,,,,,,,,,,,,,,,,,,,,,,TRUE,,,,,,,,,,,,,4,4,,,4,
2021-11-09,N6860J,KPNE,KPNE,,,,,,,,1.2,1.2,,,1.2,,,,,,,,,,,,,,,,,,,,,,,,,,,,,,,,,,,,,,,,,,,,,,,,,,,2,2,,,2,
2021-11-05,N625FL,KPNE,KPNE,,,,,,,,1.6,,,,,,,,,,,,,,,,,,,,,,,,,,,1.6,,,,,,,,,,,,,,,,,,,,,,,,,,,,1,1,,,1,
2021-11-03,N3366Z,KDYL,KDYL,,,,,,,,0.2,0.2,,,0.2,,,,,,,,,,,,,,,,,,,,,,,,,,,,,,,,,,,,,,,,,,,,,,,,,,,1,1,,,1,
2021-11-01,N625FL,KPNE,KPNE,,,,,,,,1.2,,,,,,,,,,,,,,,,,,,,,,,,,,,1.2,,,,,,,,,,,,,,,,,,,,,,,,,,,,1,1,,,1,
2021-10-27,N6860J,KDYL,KDYL,,,,,,,,1.1,,,,,,,,,,,,,,,,,,,,,,,,,,,1.1,,,,,,,,,,,,,,,,,,,,,,,,,,,,1,1,,,1,
2021-10-11,N6860J,KDYL,KDYL,,,,,,,,1.4,,,,,,,,,,,,,,,,,,,,,,,,,,,1.4,,,,,,,,,,,,,,,,,,,,,,,,,,,,4,4,,,4,
2021-10-04,N6860J,KDYL,KDYL,,,,,,,,1.3,,,,,,,,,,,,,,,,,,,,,,,,,,,1.3,,,,,,,,,,,,,,,,,,,,,,,,,,,,1,1,,,1,
2021-09-21,N625FL,KPNE,KPNE,,,,,,,,0.7,,,,,,,,,,,,,,,,,,,,,,,,,,,0.7,,,,,,,,,,,,,,,,,,,,,,,,,,,,1,1,,,1,
2021-09-21,N6086G,KDYL,KDYL,,,,,,,,1.2,1.2,,,1.2,,,,,,,,,,,,,,,,,,,,,,,,,,,,,,,,,,,,,,,,,,,,,,,,,,,6,6,,,6,
2021-09-14,N6860J,KDYL,KDYL,,,,,,,,0.8,0.8,,,0.8,,,,,,,,,,,,,,,,,,,,,,,,,,,,,,,,,,,,,,,,,,,,,,,,,,,4,4,,,4,
2021-09-07,N94006,KDYL,KDYL,,,,,,,,2.7,,,,2.7,2.7,,,,,,,,,,,,,,,,,,,,,,,,,,,,,,,,,,,,,,,,,,,,,,,,,,3,3,,,3,
2021-09-05,N94006,KDYL,KACY,,,,,,,,1.8,,,,1.8,1.8,,,,,,,,,,,,,,,,,,,,,,,,,,,,,,,,,,,,,,,,,,,,,,,,,,2,2,,,2,
2021-09-05,N94006,KDYL,KDYL,,,,,,,,0.3,,,,,,,,,,,,,,,,,,,,,,,,,,,0.3,,,,,,,,,,,,,,,,,,,,,,,,,,,,1,1,,,1,
2021-08-31,N3366Z,KDYL,KLNS,,,,,,,,1.7,,,,1.7,1.7,,,,,,,,,,,,,,,,,,,,,,,,,,,,,,,,,,,,,,,,,,,,,,,,,,2,2,,,2,
2021-08-17,N6086G,KDYL,KDYL,,,,,,,,0.8,,,,,,,,,,,,,,,,,,,,,,,,,,,0.8,,,,,,,,,,,,,,,,,,,,,,,,,,,,4,4,,,4,
2021-08-09,N6860J,KDYL,KDYL,,,,,,,,0.7,,,,0.7,,,,,,,,,,,,,,,,,,,,,,,,,,,,,,,,,,,,,,,,,,,,,,,,,,,3,3,,,3,
2021-08-03,N6860J,KDYL,KDYL,,,,,,,,1.1,,,,1.1,,,,,,,,,,,,,,,,,,,,,,,,,,,,,,,,,,,,,,,,,,,,,,,,,,,5,5,,,5,
2021-07-25,N625FL,KPNE,KPNE,,,,,,,,1.0,,,,,,,,,,,,,,,,,,,,,,,,,,,1.0,,,,,,,,,,,,,,,,,,,,,,,,,,,,,,6,6,6,
2021-07-16,N6860J,KDYL,KDYL,,,,,,,,1.0,,,,1.0,,,,,,,,,,,,,,,,,,,,,,,,,,,,,,,,,,,,,,,,,,,,,,,,,,,5,5,,,5,
2021-07-04,N6860J,KDYL,KDYL,,,,,,,,1.5,,,,,1.5,,,,,,,,,,,,,,,,,,,,,,1.5,,,,,,,,,,,,,,,,,,,,,,,,,,,,2,2,,,2,
2021-06-29,N6086G,KDYL,KDYL,,,,,,,,1.1,,,,1.1,,,,,,,,,,,,,,,,,,,,,,,,,,,,,,,,,,,,,,,,,,,,,,,,,,,6,6,,,6,
2021-06-27,N6860J,KDYL,KDYL,,,,,,,,1.2,,,,,,,,,,,,,,,,,,,,,,,,,,,1.2,,,,,,,,,,,,,,,,,,,,,,,,,,,,5,5,,,5,
2021-06-23,N92789,KDYL,KDYL,,,,,,,,1.1,,,,1.1,,,,,,,,,,,,,,,,,,,,,,,,,,,,,,,,,,,,,,,,,,,,,,,,,,,6,6,,,6,
2021-06-02,N94006,KDYL,KDYL,,,,,,,,0.6,,,,0.6,,,,,,,,,,,,,,,,,,,,,,,,,,,,,,,,,,,,,,,,,,,,,,,,,,,3,3,,,3,
2021-06-01,N94006,KDYL,KDYL,,,,,,,,1.1,,,,,,,,,,,,,,,,,,,,,,,,,,,1.1,,,,,,,,,,,,,,,,,,,,,,,,,,,,5,5,,,5,
2021-05-25,N625FL,KPNE,KPNE,,,,,,,,1.4,,,,,,,,,,,,,,,,,,,,,,,,,,,1.4,,,,,,,,,,,,,,,,,,,,,,,,,,,,4,4,,,4,
2021-05-14,N92789,DYL,KDYL,,,,,,,,1.0,,,,1.0,,,,,,,,,,,,,,,,,,,,,,,,,,,,,,,,,,,,,,,,,,,,,,,,,,,5,5,,,5,
2021-04-28,N6086G,DYL,DYL,,,,,,,,1.0,,,,1.0,,,,,,,,,,,,,,,,,,,,,,,,,,,,,,,,,,,,,,,,,,,,,,,,,,,5,5,,,5,
2021-04-19,N6086G,KDYL,DYL,,,,,,,,1.0,,,,,,,,,,,,,,,,,,,,,,,,,,,1.0,,,,,,,,,,,,,,,,,,,,,,,,,,,,3,3,,,3,
2021-03-15,N20041,KPNE,KPNE,,,,,,,,0.8,,,,,,,,,,,,,,,,,,,,,,,,,,,,,,,,,,,,,,,,,,,,,,,,,,,,,,,2,2,,,2,
2021-03-12,N20041,KPNE,KPNE,,,,,,,,5.1,,,,,5.1,,,,,,,,0.5,2.5,,,,,,,,,,,,,5.1,,,,,,,,,,,,,,,,,,,,,,,,,,,,,,,,,
2021-03-03,N20041,KPNE,,,,,,,,,2.2,,,,,2.2,,,,,,,,,,,,,,,,,,,,,,2.2,,,,,,,,,,,,,,,,,,,,,,,,,,,,2,2,,,2,
2021-02-28,N20041,KPNE,KPNE,,,,,,,,1.8,,,,,1.8,,,,,,,,,,,,,,,,,,,,,,1.8,,,,,,,,,,,,,,,,,,,,,,,,,,,,,,,,,
2021-02-24,N94006,KDYL,KDYL,,,,,,,,1.3,,,,1.3,,,,,,,,,,,,,,,,,,,,,,,,,,,,,,,,,,,,,,,,,,,,,,,,,,,3,3,,,3,
2021-02-10,N92789,KDYL,KDYL,,,,,,,,1.2,,,,1.2,,,,,,,,,,,,,,,,,,,,,,,,,,,,,,,,,,,,,,,,,,,,,,,,,,,7,7,,,7,
2021-01-22,N625FL,KPNE,KPNE,,,,,,,,1.5,,,,,,,,,,,,,,,,,,,,,,,,,,,1.5,,,,,,,,,,,,,,,,,,,,,,,,,,,,2,2,,,2,
2021-01-18,N6086G,KDYL,KDYL,,,,,,,,1.1,,,,,,,,,,,,,,,,,,,,,,,,,,,1.1,,,,,,,,,,,,,,,,,,,,,,,,,,,,5,5,,,5,
2021-01-06,N94006,KPNE,KDYL,,,,,,,,0.5,,,,0.5,,,,,,,,,,,,,,,,,,,,,,,,,,,,,,,,,,,,,,,,,,,,,,,,,,,1,1,,,1,
2020-12-30,N625FL,KPNE,KPNE,,,,,,,,1.4,,,,,,,,,,,,,,,,,,,,,,,,,,,1.4,,,,,,,,,,,,,,,,,,,,,,,,,,,,3,3,,,3,
2020-12-23,N625FL,KPNE,KPNE,,,,,,,,2.2,,,,,,,,,,,,,,,,,,,,,,,,,,,2.2,,,,,,,,,,,,,,,,,,,,,,,,,,,,,,,,,
2020-12-15,N625FL,KPNE,PNE,,,,,,,,1.3,,,,,,,,,,,,,,,,,,,,,,,,,,,1.3,,,,,,,,,,,,,,,,,,,,,,,,,,,,8,8,,,8,
2020-12-10,N6086G,DYL,KUKT,,,,,,,,0.8,,,,0.8,,,,,,,,,,,,,,,,,,,,,,,,,,,,,,,,,,,,,,,,,,,,,,,,,,,2,2,,,2,
2020-12-02,N625FL,KPNE,PNE,,,,,,,,1.3,,,,,,,,,,,,,,,,,,,,,,,,,,,1.3,,,,,,,,,,,,,,,,,,,,,,,,,,,,1,1,,,1,
2020-11-27,N94006,KDYL,KUKT,,,,,,,,1.3,,,,,1.3,,,,,,,,,,,,,,,,,,,,,,1.3,,,,,,,,,,,,,,,,,,,,,,,,,,,,,,,,,
2020-11-26,N148T,KPNE,PHL,,,,,,,,0.4,,,,,,,,,,,,,,,,,,,,,,,,,,,0.4,,,,,,,,,,,,,,,,,,,,,,,,,,,,1,1,,,1,
2020-11-24,N625FL,PNE,47N,,,,,,,,1.9,,,,,1.9,,,,,,,,,,,,,,,,,,,,,,1.9,,,,,,,,,,,,,,,,,,,,,,,,,,,,2,2,,,2,
2020-11-22,N625FL,KPNE,PNE,,,,,,,,1.1,,,,,,,,,,,,,,,,,,,,,,,,,,,1.1,,,,,,,,,,,,,,,,,,,,,,,,,,,,8,8,,,8,
2020-11-21,N94006,KDYL,KDYL,,,,,,,,1.5,,,,1.5,,,,,,,,,,,,,,,,,,,,,,,,,,,,,,,,,,,,,,,,,,,,,,,,,,,7,7,,,7,
2020-11-14,N6086G,KDYL,KDYL,,,,,,,,0.7,,,,0.7,,,,,,,,,,,,,,,,,,,,,,,,,,,,,,,,,,,,,,,,,,,,,,,,,,,3,3,,,3,
2020-11-10,N94006,KDYL,KDYL,,,,,,,,1.2,1.2,,,1.2,,,,,,,,,,,,,,,,,,,,,,,,,,,,,,,,,,,,,,,,,,,,,,,,,,,7,7,,,7,
2020-11-06,N20041,KPNE,KPNE,,,,,,,,1.4,,,1.4,,,,,,,,,,,,,,,,,,,,,,,,1.4,,,,,,,,,,,,,,,,,,,,,,,,,,,,,,8,8,8,
2020-11-04,N20041,KPNE,KPNE,,,,,,,,0.6,,,,,,,,,,,,,,,,,,,,,,,,,,,0.6,,,,,,,,,,,,,,,,,,,,,,,,,,,,3,3,,,3,
2020-11-04,N6086G,KDYL,KDYL,,,,,,,,0.9,,,,0.9,,,,,,,,,,,,,,,,,,,,,,,,,,,,,,,,,,,,,,,,,,,,,,,,,,,5,5,,,5,
2020-11-01,N94006,KDYL,KDYL,,,,,,,,0.2,,,,0.2,,,,,,,,,,,,,,,,,,,,,,,,,,,,,,,,,,,,,,,,,,,,,,,,,,,1,1,,,1,
2020-10-19,N92789,DYL,KDYL,,,,,,,,0.7,0.7,,,0.7,,,,,,,,,,,,,,,,,,,,,,,,,,,,,,,,,,,,,,,,,,,,,,,,,,,3,3,,,3,
2020-10-19,N6086G,KDYL,DYL,,,,,,,,0.6,,,,,,,,,,,,,,,,,,,,,,,,,,,0.6,,,,,,,,,,,,,,,,,,,,,,,,,,,,3,3,,,3,
2020-10-18,N6086G,KPNE,KISP,,,,,,,,2.8,,,,,2.8,,,,,,,,,,,,,,,,,,,,,,2.8,,,,,,,,,,,,,,,,,,,,,,,,,,,,2,2,,,2,
2020-10-14,N6086G,KDYL,,,,,,,,,0.6,0.6,,,0.6,,,,,,,,,,,,,,,,,,,,,,,,,,,,,,,,,,,,,,,,,,,,,,,,,,,3,3,,,3,
2020-10-11,N6086G,KDYL,KDYL,,,,,,,,0.6,,,,,,,,,,,,,,,,,,,,,,,,,,,0.6,,,,,,,,,,,,,,,,,,,,,,,,,,,,3,3,,,3,
2020-10-06,N1297D,KPNE,KPNE,,,,,,,,0.5,,,,,,,,,,,,,,,,,,,,,,,,,,,0.5,,,,,,,,,,,,,,,,,,,,,,,,,,,,1,1,,,1,
2020-10-04,N94006,KDYL,KDYL,,,,,,,,0.8,0.8,,,0.8,,,,,,,,,,,,,,,,,,,,,,,,,,,,,,,,,,,,,,,,,,,,,,,,,,,,,,,,
2020-10-04,N94006,KDYL,KDYL,,,,,,,,0.5,,,,,,,,,,,,,,,,,,,,,,,,,,,0.5,,,,,,,,,,,,,,,,,,,,,,,,,,,,3,3,,,3,
2020-09-24,N94006,KDYL,KDYL,,,,,,,,1.2,,,,,,,,,,,,,,,,,,,,,,,,,,,1.2,,,,,,,,,,,,,,,,,,,,,,,,,,,,4,4,,,4,
2020-09-14,N94006,KDYL,KUKT,,,,,,,,1.5,,,,,1.5,,,,,,,,,,,,,,,,,,,,,,1.5,,,,,,,,,,,,,,,,,,,,,,,,,,,,,,,,,
2020-08-31,N94006,KDYL,KDYL,,,,,,,,1.5,,,,,,,,,,,,,,,,,,,,,,,,,,,1.5,,,,,,,,,,,,,,,,,,,,,,,,,,,,5,5,,,5,
2020-08-21,N94006,,KDYL,,,,,,,,0.5,,,,,,,,,,,,,,0.5,,,,,,,,,,,,,0.5,,,,,,,,,,,,,,,,,,,,,,,,,,,,,,,,,
2020-08-15,N94006,KDYL,KUKT,,,,,,,,1.2,,,,,1.2,,,,,,,,,,,,,,,,,,,,,,1.2,,,,,,,,,,,,,,,,,,,,,,,,,,,,,,,,,0.000000
2020-08-08,N1297D,KPNE,KGED,"KPNE, KGED, KPNE
",,,,,,,2.5,,,,,2.5,,,,,,,255.40,,,,,,,,,,,,,,,2.5,,,,,,,,,,,,,,,,,,,,,,,,,,,,,,,,,
2020-08-01,N94006,KDYL,KDYL,,,,,,,,1.1,,,,,,,,,,,,,,,,,,,,,,,,,,,1.1,,,,,,,,,,,,,,,,,,,,,,,,,,,,,,,,,
2020-07-26,N16152,KPNE,KPNE,,,,,,,,1.2,,,,,,,,,,,,,,,,,,,,,,,,,,,1.2,,,,,,,,,,,,,,,,,,,,,,,,,,,,4,4,,,4,
2020-07-21,N16152,KPNE,KPNE,,,,,,,,1.0,,,,,,,,,,,,,,,,,,,,,,,,,,,1.0,,,,,,,,,,,,,,,,,,,,,,,,,,,,2,2,,,2,
2020-07-17,N94006,KDYL,KDYL,,,,,,,,1.3,,,,,,,,,,,,,,,,,,,,,,,,,,,1.3,,,,,,,,,,,,,,,,,,,,,,,,,,,,4,4,,,4,
2020-07-14,N7049B,KPNE,KPNE,,,,,,,,1.1,,,,,,,,,,,,,,,,,,,,,,,,,,,1.1,,,,,,,,,,,,,,,,,,,,,,,,,,,,8,8,,,8,
2020-07-09,N7049B,KPNE,KPNE,,,,,,,,0.3,,,,,,,,,,,,,,,,,,,,,,,,,,,0.3,,,,,,,,,,,,,,,,,,,,,,,,,,,,2,2,,,2,
2020-07-09,N7049B,KPNE,KPNE,,,,,,,,1.0,,,,,,,,,,,,,,,,,,,,,,,,,,,1.0,,,,,,,,,,,,,,,,,,,,,,,,,,,,6,6,,,6,
2020-07-02,N7049B,KPNE,KPNE,,,,,,,,0.3,,,,,,,,,,,,,,,,,,,,,,,,,,,0.3,,,,,,,,,,,,,,,,,,,,,,,,,,,,2,2,,,2,
2020-06-30,N45083,KPNE,,,,,,,,,0.7,,,,,,,,,,,,,,,,,,,,,,,,,,,0.7,,,,,,,,,,,,,,,,,,,,,,,,,,,,2,2,,,2,
2020-06-18,N45083,KPNE,KPNE,,,,,,,,0.7,,,,,,,,,,,,,,,,,,,,,,,,,,,0.7,,,,,,,,,,,,,,,,,,,,,,,,,,,,6,6,,,6,
2020-05-15,N7049B,KPNE,KPNE,,,,,,,,0.6,,,,,,,,,,,,,,,,,,,,,,,,,,,0.6,,,,,,,,,,,,,,,,,,,,,,,,,,,,1,1,,,1,
2020-05-13,N7049B,KPNE,KPNE,KPNE CYN KMJX,,,,,,,0.7,,0.0,0.0,0.0,,0.0,0.0,0.0,0.0,0.0,0,0.00,0.0,0.0,0.00,0.00,0.00,0.00,0,,,,,,,0.0,0.7,0.0,0.0,,,,,,,,,,,,,,,,,,,,,,,,,,1,1,0,0,1,
2005-04-19,N92789,KDYL,KDYL,,,,,,,,1.0,,,,,,,,,,,,,,,,,,,,,,,,,,,1.0,,,,,,,,,,,,,,,,,,,,,,,,,,,,1,1,,,1,
2005-02-27,N9550U,KPNE,KPNE,,,,,,,,1.2,,,,,,,,,,,,,,,,,,,,,,,,,,,1.2,,,,,,,,,,,,,,,,,,,,,,,,,,,,7,7,,,7,
2004-03-03,N66044,KPNE,KPNE,,,,,,,,0.7,,,,,,,,,,,,,,,,,,,,,,,,,,,0.7,,,,,,,,,,,,,,,,,,,,,,,,,,,,1,1,,,1,
2003-11-07,N9550U,,,,,,,,,,0.5,,,,,,,,,,,,,,,,,,,,,,,,,,,0.5,,,,,,,,,,,,,,,,,,,,,,,,,,,,1,1,,,1,
2000-06-29,N7848N,KPNE,KPNE,,,,,,,,0.8,,,,,,,,,,,,,,,,,,,,,,,,,,,0.8,,,,,,,,,,,,,,,,,,,,,,,,,,,,1,1,,,1,
2000-03-28,N7848N,KPNE,KPNE,,,,,,,,0.9,,,,,,,,,,,,,,,,,,,,,,,,,,,0.9,,,,,,,,,,,,,,,,,,,,,,,,,,,,1,1,,,1,
2000-03-28,N3335R,KPNE,KPNE,,,,,,,,0.6,,,,,,,,,,,,,,,,,,,,,,,,,,,0.6,,,,,,,,,,,,,,,,,,,,,,,,,,,,1,1,,,1,
